open_time,open,high,low,close,volume,close_time,quote_volume,trades,taker_buy_base,taker_buy_quote,ignore
2026-10-02 15:59:00+00:00,85288.01,85326.01,85274.01,85326.0,10.03239,2026-10-02 15:59:59.999000+00:00,855716.3288217,1624,5.54397,472895.8356556,0
2026-10-02 16:00:00+00:00,85326.0,85367.89,85318.0,85358.02,17.28456,2026-10-02 16:00:59.999000+00:00,1475165.3117753,4046,7.08789,604899.1410282,0
2026-10-02 16:01:00+00:00,85358.02,85476.01,85358.02,85476.01,25.40295,2026-10-02 16:01:59.999000+00:00,2169931.7539647,5201,21.34605,1823367.7158985,0
2026-10-02 16:02:00+00:00,85476.01,85508.0,85448.0,85460.85,28.21995,2026-10-02 16:02:59.999000+00:00,2412387.6543477,6095,11.12855,951299.7352368,0
2026-10-02 16:03:00+00:00,85460.84,85466.01,85408.96,85418.0,12.64365,2026-10-02 16:03:59.999000+00:00,1080212.4019177,5339,7.50392,641074.3889078,0
2026-10-02 16:04:00+00:00,85418.01,85480.17,85386.72,85480.17,7.75199,2026-10-02 16:04:59.999000+00:00,662269.6286296,3780,5.99455,512151.3879752,0
2026-10-02 16:05:00+00:00,85480.7,85496.01,85400.0,85400.01,9.59568,2026-10-02 16:05:59.999000+00:00,819898.8002188,4254,3.17403,271205.6451,0
2026-10-02 16:06:00+00:00,85400.0,85423.53,85330.0,85344.0,13.10527,2026-10-02 16:06:59.999000+00:00,1118845.7621947,4428,4.75318,405690.9236531,0
2026-10-02 16:07:00+00:00,85344.0,85372.01,85278.0,85278.0,14.60809,2026-10-02 16:07:59.999000+00:00,1246636.4276251,3897,7.57157,646239.3734866,0
2026-10-02 16:08:00+00:00,85278.0,85331.83,85239.05,85316.01,18.05472,2026-10-02 16:08:59.999000+00:00,1539926.3795109,5307,5.74577,489935.1376093,0
2026-10-02 16:09:00+00:00,85316.0,85316.01,85264.0,85296.01,10.71565,2026-10-02 16:09:59.999000+00:00,913953.1040305,4022,4.41214,376306.7089751,0
2026-10-02 16:10:00+00:00,85296.0,85311.22,85200.0,85210.0,17.44383,2026-10-02 16:10:59.999000+00:00,1487102.749806,5150,4.28231,365081.096621,0
2026-10-02 16:11:00+00:00,85210.01,85230.0,85142.85,85142.85,20.62574,2026-10-02 16:11:59.999000+00:00,1757025.3509224,5024,12.01566,1023563.3093211,0
2026-10-02 16:12:00+00:00,85142.86,85184.01,85142.85,85151.94,13.8844,2026-10-02 16:12:59.999000+00:00,1182510.7758282,3869,4.57953,389979.9836382,0
2026-10-02 16:13:00+00:00,85151.94,85252.01,85148.0,85198.0,15.59776,2026-10-02 16:13:59.999000+00:00,1329000.3402799,3962,10.23577,872072.1929852,0
2026-10-02 16:14:00+00:00,85198.01,85232.01,85181.75,85208.01,6.21414,2026-10-02 16:14:59.999000+00:00,529496.2117055,2614,3.51583,299572.0410999,0
2026-10-02 16:15:00+00:00,85208.01,85256.01,85200.01,85250.01,12.01258,2026-10-02 16:15:59.999000+00:00,1023842.7231505,3898,8.18055,697225.230004,0
2026-10-02 16:16:00+00:00,85250.01,85283.39,85242.01,85283.39,21.81976,2026-10-02 16:16:59.999000+00:00,1860278.8920459,3191,17.48712,1490854.4137409,0
2026-10-02 16:17:00+00:00,85283.39,85304.01,85266.0,85292.0,10.54313,2026-10-02 16:17:59.999000+00:00,899209.5739447,2922,5.7468,490142.5782062,0
2026-10-02 16:18:00+00:00,85292.01,85339.37,85286.0,85286.01,9.51431,2026-10-02 16:18:59.999000+00:00,811675.7523985,3610,4.99615,426219.4693027,0
2026-10-02 16:19:00+00:00,85286.01,85328.82,85286.01,85308.01,7.82071,2026-10-02 16:19:59.999000+00:00,667163.9107601,2319,4.21692,359733.1588302,0
2026-10-02 16:20:00+00:00,85308.0,85312.71,85270.04,85303.49,5.7818,2026-10-02 16:20:59.999000+00:00,493133.9896027,2201,3.53146,301194.0915044,0
2026-10-02 16:21:00+00:00,85303.5,85310.01,85274.0,85302.67,8.26758,2026-10-02 16:21:59.999000+00:00,705220.4484838,2349,2.85784,243761.562576,0
2026-10-02 16:22:00+00:00,85302.66,85302.67,85210.0,85241.07,12.26331,2026-10-02 16:22:59.999000+00:00,1045407.6858403,3258,4.37137,372559.3267734,0
2026-10-02 16:23:00+00:00,85241.07,85241.08,85168.0,85172.0,9.7365,2026-10-02 16:23:59.999000+00:00,829459.1731745,3750,2.61633,222857.2987204,0
2026-10-02 16:24:00+00:00,85172.01,85202.01,85122.0,85162.01,13.46001,2026-10-02 16:24:59.999000+00:00,1146299.0845641,4620,5.89617,502138.2016419,0
2026-10-02 16:25:00+00:00,85162.01,85212.01,85152.07,85152.08,10.00986,2026-10-02 16:25:59.999000+00:00,852706.3681567,3816,2.9944,255071.9619245,0
2026-10-02 16:26:00+00:00,85152.07,85190.01,85152.07,85169.38,4.4992,2026-10-02 16:26:59.999000+00:00,383226.0021642,2313,1.74409,148546.8074691,0
2026-10-02 16:27:00+00:00,85169.37,85238.01,85164.04,85232.0,8.02169,2026-10-02 16:27:59.999000+00:00,683497.4276106,2452,6.2922,536120.079386,0
2026-10-02 16:28:00+00:00,85232.01,85232.01,85208.0,85223.48,4.22364,2026-10-02 16:28:59.999000+00:00,359955.2825646,1574,1.31136,111755.6041338,0
2026-10-02 16:29:00+00:00,85223.48,85223.49,85178.69,85178.7,10.07463,2026-10-02 16:29:59.999000+00:00,858387.0608282,1430,1.8418,156933.5388278,0
2026-10-02 16:30:00+00:00,85178.69,85230.01,85178.69,85224.0,4.54318,2026-10-02 16:30:59.999000+00:00,387131.4811674,2637,3.33209,283924.9815819,0
2026-10-02 16:31:00+00:00,85224.01,85230.63,85168.0,85168.01,6.88884,2026-10-02 16:31:59.999000+00:00,586980.1911083,1907,0.79329,67603.9981953,0
2026-10-02 16:32:00+00:00,85168.01,85176.01,85150.0,85172.0,12.26795,2026-10-02 16:32:59.999000+00:00,1044799.294829,2943,3.62571,308769.1836557,0
2026-10-02 16:33:00+00:00,85172.01,85202.01,85172.01,85198.01,5.91571,2026-10-02 16:33:59.999000+00:00,503962.3086219,3106,3.12802,266474.5690854,0
2026-10-02 16:34:00+00:00,85198.0,85238.01,85194.0,85194.0,8.77771,2026-10-02 16:34:59.999000+00:00,748007.6253658,2303,4.14431,353175.6166147,0
2026-10-02 16:35:00+00:00,85194.01,85228.65,85190.01,85196.01,5.49024,2026-10-02 16:35:59.999000+00:00,467839.2505299,2849,1.79664,153098.0984956,0
2026-10-02 16:36:00+00:00,85196.0,85196.01,85166.0,85172.0,8.90939,2026-10-02 16:36:59.999000+00:00,758908.4612482,2128,1.92167,163682.0305827,0
2026-10-02 16:37:00+00:00,85172.01,85182.01,85132.0,85132.01,11.95695,2026-10-02 16:37:59.999000+00:00,1018314.0936639,2782,3.22776,274887.9498274,0
2026-10-02 16:38:00+00:00,85132.0,85162.01,85124.7,85127.99,9.18349,2026-10-02 16:38:59.999000+00:00,781868.9703031,2355,4.14635,353009.1619143,0
2026-10-02 16:39:00+00:00,85127.99,85143.31,85113.78,85113.78,22.17723,2026-10-02 16:39:59.999000+00:00,1887907.9130188,1738,4.24667,361536.6207213,0
2026-10-02 16:40:00+00:00,85113.79,85135.95,85112.0,85124.0,6.76943,2026-10-02 16:40:59.999000+00:00,576236.2453672,1900,3.57523,304314.0247763,0
2026-10-02 16:41:00+00:00,85124.01,85124.01,85064.05,85064.05,15.88599,2026-10-02 16:41:59.999000+00:00,1351771.7447308,3462,3.68866,313848.895077,0
2026-10-02 16:42:00+00:00,85064.05,85073.54,85018.0,85073.54,17.09148,2026-10-02 16:42:59.999000+00:00,1453471.5041314,4000,6.62379,563321.9331764,0
2026-10-02 16:43:00+00:00,85073.55,85145.83,85073.55,85134.01,25.76722,2026-10-02 16:43:59.999000+00:00,2193276.7101606,3296,19.45492,1655873.3492421,0
2026-10-02 16:44:00+00:00,85134.0,85192.0,85134.0,85192.0,6.14309,2026-10-02 16:44:59.999000+00:00,523192.4074997,1492,4.35646,371019.7687464,0
2026-10-02 16:45:00+00:00,85192.0,85262.0,85192.0,85262.0,13.53166,2026-10-02 16:45:59.999000+00:00,1153456.5594966,2650,8.37546,713895.8946297,0
2026-10-02 16:46:00+00:00,85262.01,85296.97,85260.0,85260.0,10.43652,2026-10-02 16:46:59.999000+00:00,890063.0099737,2872,5.20233,443652.604056,0
2026-10-02 16:47:00+00:00,85260.01,85268.01,85236.01,85248.01,7.49428,2026-10-02 16:47:59.999000+00:00,638919.4088615,2245,3.28035,279659.4722221,0
2026-10-02 16:48:00+00:00,85248.01,85264.01,85228.68,85236.0,7.00471,2026-10-02 16:48:59.999000+00:00,597115.5968721,1881,3.21583,274107.2726875,0
2026-10-02 16:49:00+00:00,85236.01,85284.01,85234.0,85268.34,5.12677,2026-10-02 16:49:59.999000+00:00,437141.853339,2020,2.18634,186407.4439995,0
2026-10-02 16:50:00+00:00,85268.34,85268.34,85232.01,85256.01,7.19187,2026-10-02 16:50:59.999000+00:00,613120.8086148,2074,2.86809,244478.5216844,0
2026-10-02 16:51:00+00:00,85256.01,85296.97,85182.0,85200.01,11.99051,2026-10-02 16:51:59.999000+00:00,1022079.9232898,3875,3.72739,317731.7947814,0
2026-10-02 16:52:00+00:00,85200.01,85204.01,85176.0,85176.0,6.39003,2026-10-02 16:52:59.999000+00:00,544385.0990135,2397,3.23088,275255.6996014,0
2026-10-02 16:53:00+00:00,85176.0,85196.01,85164.22,85164.23,6.63993,2026-10-02 16:53:59.999000+00:00,565590.3092539,1812,3.09915,263986.5820754,0
2026-10-02 16:54:00+00:00,85164.23,85184.01,85164.23,85170.0,4.26621,2026-10-02 16:54:59.999000+00:00,363378.1193509,2041,2.29961,195866.6994857,0
2026-10-02 16:55:00+00:00,85170.01,85194.01,85164.22,85164.23,5.37348,2026-10-02 16:55:59.999000+00:00,457691.9316015,1939,1.72208,146683.5079972,0
2026-10-02 16:56:00+00:00,85164.22,85164.22,85094.0,85132.0,19.35399,2026-10-02 16:56:59.999000+00:00,1647425.4737288,2857,9.44667,804060.3868684,0
2026-10-02 16:57:00+00:00,85132.0,85196.01,85132.0,85176.0,10.115,2026-10-02 16:57:59.999000+00:00,861464.9075265,2240,3.48503,296791.6339768,0
2026-10-02 16:58:00+00:00,85176.0,85196.01,85170.0,85188.0,6.88723,2026-10-02 16:58:59.999000+00:00,586648.2569244,1559,2.80082,238580.7487384,0
2026-10-02 16:59:00+00:00,85188.0,85188.0,85138.0,85160.01,5.98195,2026-10-02 16:59:59.999000+00:00,509396.0206143,1868,2.13645,181915.6551611,0
2026-10-02 17:00:00+00:00,85160.0,85182.0,85146.01,85182.0,4.65976,2026-10-02 17:00:59.999000+00:00,396848.1220624,2577,2.56991,218872.2799437,0
2026-10-02 17:01:00+00:00,85182.0,85258.01,85181.99,85258.01,23.26966,2026-10-02 17:01:59.999000+00:00,1983018.0709637,1978,15.16765,1292340.6761181,0
2026-10-02 17:02:00+00:00,85258.0,85258.0,85249.47,85251.33,4.2567,2026-10-02 17:02:59.999000+00:00,362895.9912325,1370,2.0358,173556.1927401,0
2026-10-02 17:03:00+00:00,85251.34,85251.34,85226.36,85230.01,3.26983,2026-10-02 17:03:59.999000+00:00,278714.2841021,966,0.88143,75125.3449091,0
2026-10-02 17:04:00+00:00,85230.01,85230.01,85190.0,85197.81,5.3733,2026-10-02 17:04:59.999000+00:00,457868.2209934,1431,1.2818,109220.5485126,0
2026-10-02 17:05:00+00:00,85197.81,85220.01,85189.29,85206.01,4.83501,2026-10-02 17:05:59.999000+00:00,411943.9761305,2190,3.27292,278840.8269635,0
2026-10-02 17:06:00+00:00,85206.01,85226.01,85132.28,85132.29,9.79469,2026-10-02 17:06:59.999000+00:00,834281.6738231,3175,2.21,188295.1205735,0
2026-10-02 17:07:00+00:00,85132.28,85144.01,85103.7,85110.01,13.0521,2026-10-02 17:07:59.999000+00:00,1111028.4200876,3039,4.31005,366867.162925,0
2026-10-02 17:08:00+00:00,85110.0,85156.01,85105.36,85105.36,21.09019,2026-10-02 17:08:59.999000+00:00,1795466.7707996,3544,5.07672,432146.6452858,0
2026-10-02 17:09:00+00:00,85105.36,85114.01,85102.68,85114.01,12.72054,2026-10-02 17:09:59.999000+00:00,1082611.6294796,1535,1.90837,162419.2013122,0
2026-10-02 17:10:00+00:00,85114.0,85114.01,85097.87,85097.87,15.62169,2026-10-02 17:10:59.999000+00:00,1329482.0327385,684,0.22543,19184.7685307,0
2026-10-02 17:11:00+00:00,85097.87,85097.88,85034.0,85062.01,23.44702,2026-10-02 17:11:59.999000+00:00,1994515.9907666,3693,4.8592,413260.9304381,0
2026-10-02 17:12:00+00:00,85062.02,85098.01,85048.0,85090.0,14.13977,2026-10-02 17:12:59.999000+00:00,1202829.8960004,2836,4.36331,371159.0762419,0
2026-10-02 17:13:00+00:00,85090.0,85090.01,85030.99,85034.7,11.80683,2026-10-02 17:13:59.999000+00:00,1004220.5047686,3097,0.56096,47709.1473966,0
2026-10-02 17:14:00+00:00,85034.71,85046.01,84914.07,84919.91,72.27327,2026-10-02 17:14:59.999000+00:00,6141439.9196224,9211,12.58093,1068897.2056412,0
2026-10-02 17:15:00+00:00,84919.91,84948.7,84723.7,84735.16,72.02857,2026-10-02 17:15:59.999000+00:00,6109614.8890075,10635,18.4316,1562545.7952969,0
2026-10-02 17:16:00+00:00,84735.16,84874.43,84718.85,84874.42,36.21366,2026-10-02 17:16:59.999000+00:00,3070464.7343346,5997,14.18072,1202343.9512102,0
2026-10-02 17:17:00+00:00,84874.42,84897.99,84811.3,84833.99,17.41569,2026-10-02 17:17:59.999000+00:00,1477869.5623409,4918,4.84621,411219.2705845,0
2026-10-02 17:18:00+00:00,84834.0,84903.21,84833.99,84889.5,10.71507,2026-10-02 17:18:59.999000+00:00,909300.1982135,2680,6.5892,559157.0196228,0
2026-10-02 17:19:00+00:00,84889.5,84958.65,84889.5,84950.01,12.56231,2026-10-02 17:19:59.999000+00:00,1067022.1959501,2319,5.84461,496423.2444619,0
2026-10-02 17:20:00+00:00,84950.01,84962.01,84887.44,84929.83,7.28656,2026-10-02 17:20:59.999000+00:00,618839.3929566,2440,3.23561,274767.3880457,0
2026-10-02 17:21:00+00:00,84929.84,84931.47,84862.06,84931.47,10.23436,2026-10-02 17:21:59.999000+00:00,868780.2687066,2768,5.52672,469162.5494684,0
2026-10-02 17:22:00+00:00,84931.47,84982.01,84931.47,84948.19,13.34208,2026-10-02 17:22:59.999000+00:00,1133612.7106186,2244,5.7526,488718.8022688,0
2026-10-02 17:23:00+00:00,84948.18,84948.19,84860.88,84867.83,4.77115,2026-10-02 17:23:59.999000+00:00,405069.140102,2228,1.71123,145273.5744309,0
2026-10-02 17:24:00+00:00,84867.84,84867.84,84300.0,84729.12,676.42738,2026-10-02 17:24:59.999000+00:00,57256179.7466042,25454,106.76014,9042139.8466054,0
2026-10-02 17:25:00+00:00,84729.12,84732.55,84300.0,84704.34,626.08082,2026-10-02 17:25:59.999000+00:00,52936382.7944615,36572,139.32554,11791686.6999408,0
2026-10-02 17:26:00+00:00,84703.85,84726.42,84653.13,84690.51,25.72349,2026-10-02 17:26:59.999000+00:00,2178482.2211396,4119,9.54217,808053.6412442,0
2026-10-02 17:27:00+00:00,84690.51,84695.96,84644.56,84676.21,15.26518,2026-10-02 17:27:59.999000+00:00,1292290.069466,2479,5.50124,465686.1075137,0
2026-10-02 17:28:00+00:00,84676.21,84709.01,84672.0,84672.01,45.02767,2026-10-02 17:28:59.999000+00:00,3813089.0496756,1867,25.94295,2196773.8744152,0
2026-10-02 17:29:00+00:00,84672.01,84672.01,84386.78,84584.74,156.05751,2026-10-02 17:29:59.999000+00:00,13193496.8707217,7453,17.67234,1495305.5845803,0
2026-10-02 17:30:00+00:00,84584.75,84700.07,84367.13,84684.0,386.88123,2026-10-02 17:30:59.999000+00:00,32700325.5298585,20802,135.7781,11484299.8114293,0
2026-10-02 17:31:00+00:00,84682.7,84770.84,84681.02,84690.13,355.51237,2026-10-02 17:31:59.999000+00:00,30110642.7959882,3902,293.09723,24823019.0523014,0
2026-10-02 17:32:00+00:00,84690.13,84775.81,84668.64,84771.19,124.59363,2026-10-02 17:32:59.999000+00:00,10552279.0070445,2162,111.43063,9437508.4908437,0
2026-10-02 17:33:00+00:00,84771.19,84785.5,84747.96,84764.53,20.91219,2026-10-02 17:33:59.999000+00:00,1772687.3795359,1662,10.58012,896819.6196903,0
2026-10-02 17:34:00+00:00,84764.52,84767.18,84764.52,84767.18,19.50245,2026-10-02 17:34:59.999000+00:00,1653155.3345023,746,19.21499,1628788.6954133,0
2026-10-02 17:35:00+00:00,84767.17,84767.17,84520.88,84719.77,153.13345,2026-10-02 17:35:59.999000+00:00,12963093.3955611,3701,26.86456,2275156.9232159,0
2026-10-02 17:36:00+00:00,84719.76,84719.77,84684.3,84684.3,12.07041,2026-10-02 17:36:59.999000+00:00,1022460.7788765,1266,3.82726,324202.0805131,0
2026-10-02 17:37:00+00:00,84684.31,84706.26,84684.3,84696.85,7.40609,2026-10-02 17:37:59.999000+00:00,627291.0322478,1018,5.16853,437766.6516317,0
2026-10-02 17:38:00+00:00,84696.85,84696.85,84648.59,84675.66,8.58354,2026-10-02 17:38:59.999000+00:00,726775.5802079,1242,4.21735,357057.7176022,0
2026-10-02 17:39:00+00:00,84675.66,84675.66,84419.06,84557.7,163.20105,2026-10-02 17:39:59.999000+00:00,13795230.254826,6193,34.42427,2910425.3632615,0
2026-10-02 17:40:00+00:00,84557.71,84617.1,84557.7,84615.78,182.5879,2026-10-02 17:40:59.999000+00:00,15441053.9789548,2864,160.87129,13604027.8567696,0
2026-10-02 17:41:00+00:00,84615.78,84631.29,84594.52,84611.67,9.36721,2026-10-02 17:41:59.999000+00:00,792615.9651747,1551,2.80197,237083.4877359,0
2026-10-02 17:42:00+00:00,84611.67,84611.67,84497.86,84539.71,19.04535,2026-10-02 17:42:59.999000+00:00,1610709.3556296,2536,2.72439,230412.4984699,0
2026-10-02 17:43:00+00:00,84539.72,84581.99,84432.68,84581.99,43.25825,2026-10-02 17:43:59.999000+00:00,3655234.7441565,3018,8.58516,725647.0172066,0
2026-10-02 17:44:00+00:00,84581.99,84630.88,84581.98,84604.22,9.17309,2026-10-02 17:44:59.999000+00:00,776173.9743443,1913,4.6424,392801.4169311,0
2026-10-02 17:45:00+00:00,84604.21,84634.61,84584.0,84584.01,11.60155,2026-10-02 17:45:59.999000+00:00,981638.2511657,2008,3.96324,335330.0050431,0
2026-10-02 17:46:00+00:00,84584.01,84625.33,84584.0,84625.33,3.96505,2026-10-02 17:46:59.999000+00:00,335406.179557,961,3.40101,287693.8741204,0
2026-10-02 17:47:00+00:00,84625.33,84653.03,84624.0,84633.08,13.7861,2026-10-02 17:47:59.999000+00:00,1166800.487209,1629,9.67263,818641.8706078,0
2026-10-02 17:48:00+00:00,84633.08,84676.96,84633.07,84675.37,4.23318,2026-10-02 17:48:59.999000+00:00,358349.675893,930,3.09998,262423.5226719,0
2026-10-02 17:49:00+00:00,84675.38,84746.45,84675.37,84744.46,19.08595,2026-10-02 17:49:59.999000+00:00,1616970.4364898,1438,10.52327,891513.2902561,0
2026-10-02 17:50:00+00:00,84744.45,84797.2,84686.0,84749.5,29.71052,2026-10-02 17:50:59.999000+00:00,2518058.6278385,3374,16.74452,1419023.8937047,0
2026-10-02 17:51:00+00:00,84749.49,84792.01,84725.51,84792.0,10.12252,2026-10-02 17:51:59.999000+00:00,857827.2714403,1962,4.86829,412598.7908428,0
2026-10-02 17:52:00+00:00,84792.0,84819.5,84772.27,84782.01,10.68104,2026-10-02 17:52:59.999000+00:00,905707.3499639,2268,4.05479,343846.9014307,0
2026-10-02 17:53:00+00:00,84782.01,84805.29,84764.22,84764.23,5.42895,2026-10-02 17:53:59.999000+00:00,460316.7181817,1696,2.24361,190231.032981,0
2026-10-02 17:54:00+00:00,84764.22,84774.87,84750.0,84774.87,6.79038,2026-10-02 17:54:59.999000+00:00,575567.6419507,1060,5.44695,461699.8160264,0
2026-10-02 17:55:00+00:00,84774.86,84774.87,84756.0,84759.99,3.98084,2026-10-02 17:55:59.999000+00:00,337452.3748152,1057,1.08083,91618.0615607,0
2026-10-02 17:56:00+00:00,84759.99,84770.01,84759.99,84765.34,3.0578,2026-10-02 17:56:59.999000+00:00,259194.4000592,764,1.81872,154161.9639247,0
2026-10-02 17:57:00+00:00,84765.34,84790.01,84762.88,84762.9,5.04074,2026-10-02 17:57:59.999000+00:00,427319.9490072,1600,1.53624,130231.6027743,0
2026-10-02 17:58:00+00:00,84762.89,84770.01,84753.58,84770.0,2.91122,2026-10-02 17:58:59.999000+00:00,246753.7300863,1263,1.48042,125479.3566683,0
2026-10-02 17:59:00+00:00,84770.01,84818.01,84770.0,84774.75,13.15053,2026-10-02 17:59:59.999000+00:00,1115069.4014481,1896,2.81745,238904.40794,0
2026-10-02 18:00:00+00:00,84774.75,84872.01,84768.0,84853.91,14.00962,2026-10-02 18:00:59.999000+00:00,1188518.5875966,4294,8.97408,761285.0125468,0
2026-10-02 18:01:00+00:00,84853.92,84863.63,84810.26,84830.3,10.28767,2026-10-02 18:01:59.999000+00:00,872809.9687374,2469,3.73699,317034.9554704,0
2026-10-02 18:02:00+00:00,84830.3,84854.01,84829.51,84854.01,7.70938,2026-10-02 18:02:59.999000+00:00,654091.494941,2470,3.61568,306765.9457126,0
2026-10-02 18:03:00+00:00,84854.01,84870.49,84834.71,84834.71,8.139,2026-10-02 18:03:59.999000+00:00,690632.7434987,2252,1.44112,122295.2401726,0
2026-10-02 18:04:00+00:00,84834.71,84872.01,84817.04,84864.01,9.57716,2026-10-02 18:04:59.999000+00:00,812572.3423546,1919,6.32364,536531.6122293,0
2026-10-02 18:05:00+00:00,84864.01,84864.01,84827.9,84827.91,9.2658,2026-10-02 18:05:59.999000+00:00,786180.887414,1259,2.34743,199158.9881985,0
2026-10-02 18:06:00+00:00,84827.91,84856.0,84808.52,84849.83,22.28882,2026-10-02 18:06:59.999000+00:00,1890720.5119946,2070,17.15006,1454797.9334439,0
2026-10-02 18:07:00+00:00,84849.84,84870.17,84833.26,84854.38,13.53138,2026-10-02 18:07:59.999000+00:00,1148130.332907,2340,7.91983,671972.5341271,0
2026-10-02 18:08:00+00:00,84854.66,84854.67,84833.27,84845.11,8.42681,2026-10-02 18:08:59.999000+00:00,714978.706215,1488,4.24715,360343.3773806,0
2026-10-02 18:09:00+00:00,84845.11,84845.12,84796.0,84796.01,24.00421,2026-10-02 18:09:59.999000+00:00,2036331.8200598,1735,7.01288,594981.2165532,0
2026-10-02 18:10:00+00:00,84796.0,84820.01,84796.0,84811.14,4.3239,2026-10-02 18:10:59.999000+00:00,366701.1673684,1211,2.54765,216048.7082233,0
2026-10-02 18:11:00+00:00,84811.13,84836.01,84811.13,84836.01,5.59056,2026-10-02 18:11:59.999000+00:00,474193.1546728,836,3.68577,312628.9439763,0
2026-10-02 18:12:00+00:00,84836.0,84851.89,84828.26,84828.26,6.88928,2026-10-02 18:12:59.999000+00:00,584515.5695923,1550,2.19416,186170.0258533,0
2026-10-02 18:13:00+00:00,84828.26,84868.01,84820.0,84868.01,13.47174,2026-10-02 18:13:59.999000+00:00,1143076.6580992,1795,6.15783,522420.8724144,0
2026-10-02 18:14:00+00:00,84868.01,84900.0,84868.0,84891.22,12.5794,2026-10-02 18:14:59.999000+00:00,1067877.6636498,1643,9.56362,811854.5683914,0
2026-10-02 18:15:00+00:00,84891.21,84891.21,84851.89,84851.89,9.10927,2026-10-02 18:15:59.999000+00:00,773123.2117283,1989,2.68787,228118.6509636,0
2026-10-02 18:16:00+00:00,84851.9,84851.9,84688.0,84688.01,72.50672,2026-10-02 18:16:59.999000+00:00,6145401.0342556,4435,8.59694,728544.4970657,0
2026-10-02 18:17:00+00:00,84688.01,84699.22,84646.0,84689.96,18.5853,2026-10-02 18:17:59.999000+00:00,1573719.7503507,3473,7.05652,597508.4489992,0
2026-10-02 18:18:00+00:00,84689.97,84742.63,84663.88,84663.89,11.2911,2026-10-02 18:18:59.999000+00:00,956420.3753497,3755,4.84456,410408.5327565,0
2026-10-02 18:19:00+00:00,84663.89,84675.71,84658.68,84668.49,9.24816,2026-10-02 18:19:59.999000+00:00,783024.3795722,2121,4.9054,415328.9424224,0
2026-10-02 18:20:00+00:00,84668.5,84687.0,84626.0,84639.82,16.0842,2026-10-02 18:20:59.999000+00:00,1361589.562037,2561,4.17642,353520.4978092,0
2026-10-02 18:21:00+00:00,84639.82,84654.01,84629.14,84639.28,5.61866,2026-10-02 18:21:59.999000+00:00,475591.0233023,1595,2.59337,219500.8778671,0
2026-10-02 18:22:00+00:00,84639.28,84639.28,84605.2,84617.99,12.81451,2026-10-02 18:22:59.999000+00:00,1084283.5186506,1221,3.14137,265797.015745,0
2026-10-02 18:23:00+00:00,84617.99,84617.99,84567.08,84577.51,10.03757,2026-10-02 18:23:59.999000+00:00,849110.0850389,1715,2.68859,227427.3010188,0
2026-10-02 18:24:00+00:00,84577.51,84601.31,84556.75,84601.3,7.48324,2026-10-02 18:24:59.999000+00:00,632854.5897446,2205,3.83315,324178.3675975,0
2026-10-02 18:25:00+00:00,84601.31,84622.01,84583.77,84596.01,10.81402,2026-10-02 18:25:59.999000+00:00,914905.7403074,2792,3.26193,275960.2738867,0
2026-10-02 18:26:00+00:00,84596.0,84596.01,84587.46,84587.47,2.8474,2026-10-02 18:26:59.999000+00:00,240869.007813,576,1.01436,85804.8699246,0
2026-10-02 18:27:00+00:00,84587.47,84587.47,84570.09,84570.1,9.93794,2026-10-02 18:27:59.999000+00:00,840535.6202167,1142,3.61841,306038.2609672,0
2026-10-02 18:28:00+00:00,84570.1,84596.01,84570.09,84596.01,7.34496,2026-10-02 18:28:59.999000+00:00,621275.9212083,919,4.90244,414653.6640461,0
2026-10-02 18:29:00+00:00,84596.0,84621.24,84596.0,84621.24,4.17965,2026-10-02 18:29:59.999000+00:00,353630.0566886,881,3.74253,316645.9796035,0
2026-10-02 18:30:00+00:00,84621.25,84636.4,84550.0,84550.0,8.79234,2026-10-02 18:30:59.999000+00:00,743852.2350293,2601,1.88329,159365.8042993,0
2026-10-02 18:31:00+00:00,84550.0,84558.25,84539.84,84549.04,20.23908,2026-10-02 18:31:59.999000+00:00,1711302.1010468,1035,2.78529,235483.1481096,0
2026-10-02 18:32:00+00:00,84549.04,84574.01,84530.71,84572.0,3.86019,2026-10-02 18:32:59.999000+00:00,326391.9747647,1910,1.42686,120642.9998981,0
2026-10-02 18:33:00+00:00,84572.0,84572.01,84516.66,84520.01,6.3282,2026-10-02 18:33:59.999000+00:00,534938.685403,2009,2.95302,249590.9624481,0
2026-10-02 18:34:00+00:00,84520.01,84534.0,84520.0,84521.35,4.85989,2026-10-02 18:34:59.999000+00:00,410803.0638418,1203,1.80331,152428.1243139,0
2026-10-02 18:35:00+00:00,84521.36,84521.36,84390.0,84457.99,50.0004,2026-10-02 18:35:59.999000+00:00,4222791.4037127,6398,12.65006,1068137.7825209,0
2026-10-02 18:36:00+00:00,84458.0,84500.3,84432.0,84500.3,8.78122,2026-10-02 18:36:59.999000+00:00,741674.1805998,4148,4.58367,387146.3635594,0
2026-10-02 18:37:00+00:00,84500.3,84528.83,84470.0,84470.0,22.65739,2026-10-02 18:37:59.999000+00:00,1914366.741225,3269,11.12047,939509.9759836,0
2026-10-02 18:38:00+00:00,84470.01,84470.01,84376.44,84379.17,10.77609,2026-10-02 18:38:59.999000+00:00,909662.6653313,2103,2.97201,250868.1123028,0
2026-10-02 18:39:00+00:00,84379.18,84379.18,84062.99,84072.35,115.17799,2026-10-02 18:39:59.999000+00:00,9696425.4246091,13850,31.60914,2660455.5485373,0
2026-10-02 18:40:00+00:00,84072.34,84214.74,83944.81,84195.17,167.88232,2026-10-02 18:40:59.999000+00:00,14109431.1803459,14411,50.34411,4232036.0023157,0
2026-10-02 18:41:00+00:00,84195.16,84196.46,83994.98,84046.26,28.49284,2026-10-02 18:41:59.999000+00:00,2395929.5090858,6100,7.36954,619855.9927962,0
2026-10-02 18:42:00+00:00,84046.27,84120.15,83904.59,84100.82,40.89168,2026-10-02 18:42:59.999000+00:00,3435358.0239837,7117,20.69603,1738451.1646766,0
2026-10-02 18:43:00+00:00,84100.82,84187.48,83932.12,83932.13,18.54594,2026-10-02 18:43:59.999000+00:00,1559391.3510593,5370,7.12584,599466.9643513,0
2026-10-02 18:44:00+00:00,83932.13,84040.72,83900.0,84040.72,32.74668,2026-10-02 18:44:59.999000+00:00,2749266.7440708,5651,15.8119,1327807.073654,0
2026-10-02 18:45:00+00:00,84040.88,84063.03,84000.0,84037.41,10.36649,2026-10-02 18:45:59.999000+00:00,871244.1137539,2981,3.97707,334213.2256511,0
2026-10-02 18:46:00+00:00,84037.4,84073.11,83969.41,84057.0,22.54204,2026-10-02 18:46:59.999000+00:00,1894097.9810972,4762,10.42102,875693.4668882,0
2026-10-02 18:47:00+00:00,84056.99,84060.24,83888.0,83906.09,67.19404,2026-10-02 18:47:59.999000+00:00,5638313.4232292,3772,7.93267,665665.7218011,0
2026-10-02 18:48:00+00:00,83906.08,83988.13,83906.08,83986.57,18.88685,2026-10-02 18:48:59.999000+00:00,1585355.8451551,4669,11.09601,931382.0822869,0
2026-10-02 18:49:00+00:00,83986.58,84041.86,83986.58,84009.65,9.72518,2026-10-02 18:49:59.999000+00:00,817179.4976269,2721,3.61735,303952.1682794,0
2026-10-02 18:50:00+00:00,84009.65,84042.04,84009.64,84038.01,10.64002,2026-10-02 18:50:59.999000+00:00,894098.4440489,1596,7.27325,611171.061499,0
2026-10-02 18:51:00+00:00,84038.01,84171.45,84028.96,84168.75,15.73944,2026-10-02 18:51:59.999000+00:00,1323773.9540989,3961,11.35659,955028.629341,0
2026-10-02 18:52:00+00:00,84168.75,84260.25,84167.38,84248.55,24.78724,2026-10-02 18:52:59.999000+00:00,2087352.2432971,4820,18.35169,1545503.8686383,0
2026-10-02 18:53:00+00:00,84248.55,84249.5,84139.62,84182.19,23.6491,2026-10-02 18:53:59.999000+00:00,1991579.3008693,3639,11.87596,1000124.8378524,0
2026-10-02 18:54:00+00:00,84182.19,84218.57,84176.13,84218.57,4.98299,2026-10-02 18:54:59.999000+00:00,419516.8608051,1342,4.563,384158.3039669,0
2026-10-02 18:55:00+00:00,84218.75,84223.6,84155.53,84185.14,7.50391,2026-10-02 18:55:59.999000+00:00,631824.2652508,2367,3.75147,315863.7541486,0
2026-10-02 18:56:00+00:00,84185.13,84185.13,84158.0,84175.09,5.38116,2026-10-02 18:56:59.999000+00:00,452915.4141933,1358,2.23752,188315.4430271,0
2026-10-02 18:57:00+00:00,84175.09,84285.65,84175.08,84244.02,18.04183,2026-10-02 18:57:59.999000+00:00,1519789.5332501,3051,13.57256,1143181.0621558,0
2026-10-02 18:58:00+00:00,84244.02,84296.01,84244.01,84290.0,7.13356,2026-10-02 18:58:59.999000+00:00,601172.6609903,1832,5.47722,461562.7821048,0
2026-10-02 18:59:00+00:00,84290.01,84290.01,84262.01,84262.01,3.95782,2026-10-02 18:59:59.999000+00:00,333554.336335,1063,1.40864,118712.8456757,0
2026-10-02 19:00:00+00:00,84262.01,84300.0,84256.48,84286.0,13.66046,2026-10-02 19:00:59.999000+00:00,1151365.5399667,2493,8.59535,724436.2166536,0
2026-10-02 19:01:00+00:00,84286.0,84314.66,84285.99,84312.0,6.19226,2026-10-02 19:01:59.999000+00:00,522056.8570513,1505,4.26411,359490.7474945,0
2026-10-02 19:02:00+00:00,84312.0,84315.44,84238.77,84242.34,16.77153,2026-10-02 19:02:59.999000+00:00,1413475.8597706,3303,5.8076,489379.6029182,0
2026-10-02 19:03:00+00:00,84242.34,84250.02,84196.0,84238.26,9.72638,2026-10-02 19:03:59.999000+00:00,819259.6817884,3251,3.09438,260625.9987792,0
2026-10-02 19:04:00+00:00,84238.27,84275.18,84238.26,84246.01,13.21848,2026-10-02 19:04:59.999000+00:00,1113807.7387752,2891,5.91109,498052.2803168,0
2026-10-02 19:05:00+00:00,84246.0,84274.01,84238.59,84244.0,15.52715,2026-10-02 19:05:59.999000+00:00,1308267.7626668,2549,8.10217,682662.9889729,0
2026-10-02 19:06:00+00:00,84244.01,84244.01,84192.01,84202.72,11.24739,2026-10-02 19:06:59.999000+00:00,947289.9962284,2213,2.83562,238789.8247519,0
2026-10-02 19:07:00+00:00,84202.73,84202.73,84150.0,84178.01,14.9417,2026-10-02 19:07:59.999000+00:00,1257806.2797686,2161,8.13125,684491.9956459,0
2026-10-02 19:08:00+00:00,84178.0,84183.71,84158.2,84171.95,15.23007,2026-10-02 19:08:59.999000+00:00,1281971.118362,1676,9.09506,765548.9862465,0
2026-10-02 19:09:00+00:00,84171.96,84171.96,84116.86,84122.78,16.66674,2026-10-02 19:09:59.999000+00:00,1402227.0083975,2270,8.56826,720791.1672204,0
2026-10-02 19:10:00+00:00,84122.79,84145.24,84101.74,84115.5,10.24225,2026-10-02 19:10:59.999000+00:00,861692.0953127,1863,2.58219,217231.8150685,0
2026-10-02 19:11:00+00:00,84115.5,84145.33,84100.0,84122.88,10.04188,2026-10-02 19:11:59.999000+00:00,844788.2248199,2084,3.57513,300744.2342429,0
2026-10-02 19:12:00+00:00,84122.89,84122.89,84088.0,84089.84,15.3182,2026-10-02 19:12:59.999000+00:00,1288271.0408761,1961,3.20662,269664.1780979,0
2026-10-02 19:13:00+00:00,84089.84,84171.58,84082.41,84171.58,16.64516,2026-10-02 19:13:59.999000+00:00,1400125.3110546,2183,11.64561,979529.900983,0
2026-10-02 19:14:00+00:00,84171.57,84171.58,84114.39,84129.76,10.2862,2026-10-02 19:14:59.999000+00:00,865493.3872932,2532,2.78449,234252.3371326,0
2026-10-02 19:15:00+00:00,84129.76,84167.28,84080.18,84101.01,12.37674,2026-10-02 19:15:59.999000+00:00,1041258.1175406,2808,3.65398,307393.7042615,0
2026-10-02 19:16:00+00:00,84101.01,84101.01,83975.58,84037.33,52.2303,2026-10-02 19:16:59.999000+00:00,4387734.8002805,3489,31.48662,2644807.6016638,0
2026-10-02 19:17:00+00:00,84037.33,84084.01,83996.0,84009.64,16.7608,2026-10-02 19:17:59.999000+00:00,1408721.2993066,3059,4.96551,417360.2266265,0
2026-10-02 19:18:00+00:00,84009.65,84090.01,83990.0,84090.01,6.66506,2026-10-02 19:18:59.999000+00:00,560119.6327353,2426,4.35901,366356.1252945,0
2026-10-02 19:19:00+00:00,84090.01,84102.29,84051.25,84051.26,14.05087,2026-10-02 19:19:59.999000+00:00,1181441.1591088,2551,6.3202,531429.4983836,0
2026-10-02 19:20:00+00:00,84051.26,84063.99,84004.65,84004.66,8.94086,2026-10-02 19:20:59.999000+00:00,751348.6597737,1958,2.91364,244834.2293065,0
2026-10-02 19:21:00+00:00,84004.65,84045.0,84000.0,84025.52,14.89958,2026-10-02 19:21:59.999000+00:00,1251981.4897469,3316,9.08759,763614.3966902,0
2026-10-02 19:22:00+00:00,84025.51,84076.7,84025.51,84070.93,50.30979,2026-10-02 19:22:59.999000+00:00,4228800.6528685,3048,43.34569,3643445.8617396,0
2026-10-02 19:23:00+00:00,84070.94,84076.01,84028.0,84034.48,14.85557,2026-10-02 19:23:59.999000+00:00,1248532.7784319,1998,9.63427,809622.0253032,0
2026-10-02 19:24:00+00:00,84034.49,84170.96,84034.48,84170.0,27.82793,2026-10-02 19:24:59.999000+00:00,2340217.9983272,3965,26.52854,2230885.9759466,0
2026-10-02 19:25:00+00:00,84170.01,84188.01,84118.0,84122.01,13.79716,2026-10-02 19:25:59.999000+00:00,1161148.4588037,3012,4.6239,389153.157306,0
2026-10-02 19:26:00+00:00,84122.0,84162.74,84122.0,84126.01,10.10863,2026-10-02 19:26:59.999000+00:00,850641.2295645,1932,3.36769,283384.6034983,0
2026-10-02 19:27:00+00:00,84126.01,84161.35,84106.19,84161.35,13.43074,2026-10-02 19:27:59.999000+00:00,1129853.7339714,2347,11.34076,954022.4747318,0
2026-10-02 19:28:00+00:00,84161.34,84180.01,84153.84,84180.01,12.43151,2026-10-02 19:28:59.999000+00:00,1046293.4331168,1549,7.905,665306.7484385,0
2026-10-02 19:29:00+00:00,84180.01,84180.01,84122.23,84141.01,19.51193,2026-10-02 19:29:59.999000+00:00,1641919.4068885,2065,10.31395,867818.2348199,0
2026-10-02 19:30:00+00:00,84141.01,84188.3,84140.01,84179.84,11.79082,2026-10-02 19:30:59.999000+00:00,992345.229575,2114,5.33002,448548.1922386,0
2026-10-02 19:31:00+00:00,84179.85,84186.55,84168.0,84176.0,6.78205,2026-10-02 19:31:59.999000+00:00,570893.9806779,1499,2.43392,204874.2358069,0
2026-10-02 19:32:00+00:00,84176.0,84176.0,84120.0,84136.0,12.38711,2026-10-02 19:32:59.999000+00:00,1042382.6332111,2329,5.23829,440819.1025686,0
2026-10-02 19:33:00+00:00,84136.0,84136.01,84101.01,84118.08,12.64673,2026-10-02 19:33:59.999000+00:00,1063722.5830074,1573,5.92745,498520.2453944,0
2026-10-02 19:34:00+00:00,84118.09,84166.32,84100.0,84166.32,15.71696,2026-10-02 19:34:59.999000+00:00,1322202.3655289,3577,8.31176,699254.4980906,0
2026-10-02 19:35:00+00:00,84166.31,84192.91,84166.31,84186.0,12.79923,2026-10-02 19:35:59.999000+00:00,1077403.4941482,1743,8.06541,678913.8846096,0
2026-10-02 19:36:00+00:00,84186.0,84224.01,84186.0,84204.01,12.35908,2026-10-02 19:36:59.999000+00:00,1040707.5787427,2329,6.67563,562087.6058665,0
2026-10-02 19:37:00+00:00,84204.0,84224.01,84204.0,84224.0,11.95581,2026-10-02 19:37:59.999000+00:00,1006881.604877,1069,3.66931,308994.9441862,0
2026-10-02 19:38:00+00:00,84224.0,84224.0,84217.0,84217.0,14.67683,2026-10-02 19:38:59.999000+00:00,1236063.4548867,789,2.0796,175146.8698804,0
2026-10-02 19:39:00+00:00,84217.01,84217.05,84217.0,84217.04,8.77282,2026-10-02 19:39:59.999000+00:00,738820.8208782,437,5.16707,435155.2862578,0
2026-10-02 19:40:00+00:00,84217.04,84224.01,84217.04,84224.0,9.72056,2026-10-02 19:40:59.999000+00:00,818656.6700543,734,3.35172,282279.3642832,0
2026-10-02 19:41:00+00:00,84224.0,84236.5,84224.0,84235.01,12.48747,2026-10-02 19:41:59.999000+00:00,1051809.3355136,693,10.83343,912489.7628024,0
2026-10-02 19:42:00+00:00,84235.01,84239.76,84137.71,84154.49,186.33777,2026-10-02 19:42:59.999000+00:00,15694367.9820422,3608,15.34992,1292712.6331471,0
2026-10-02 19:43:00+00:00,84154.49,84187.32,84154.49,84170.0,12.68091,2026-10-02 19:43:59.999000+00:00,1067373.0066956,1461,4.93574,415444.966247,0
2026-10-02 19:44:00+00:00,84170.01,84186.01,84170.0,84186.01,10.75914,2026-10-02 19:44:59.999000+00:00,905631.5879703,954,6.08268,511997.4538053,0
2026-10-02 19:45:00+00:00,84186.01,84228.01,84186.01,84192.0,13.78139,2026-10-02 19:45:59.999000+00:00,1160461.1425678,2134,7.78802,655756.0925091,0
2026-10-02 19:46:00+00:00,84192.0,84234.5,84192.0,84234.5,10.76525,2026-10-02 19:46:59.999000+00:00,906474.7003214,1460,9.11504,767522.6474172,0
2026-10-02 19:47:00+00:00,84234.5,84250.0,84199.58,84204.13,32.88058,2026-10-02 19:47:59.999000+00:00,2769365.0227006,2140,6.52653,549755.8890153,0
2026-10-02 19:48:00+00:00,84204.13,84204.14,84161.06,84168.01,15.39388,2026-10-02 19:48:59.999000+00:00,1295828.6441817,1707,3.69648,311146.3886312,0
2026-10-02 19:49:00+00:00,84168.0,84212.94,84168.0,84206.37,26.75476,2026-10-02 19:49:59.999000+00:00,2252640.716333,3174,16.50712,1389720.5716509,0
2026-10-02 19:50:00+00:00,84206.38,84226.01,84206.37,84206.38,16.23923,2026-10-02 19:50:59.999000+00:00,1367547.2857322,1647,5.44744,458741.7662505,0
2026-10-02 19:51:00+00:00,84206.39,84238.37,84206.39,84230.01,13.83468,2026-10-02 19:51:59.999000+00:00,1165254.3512576,1752,10.77423,907465.0373701,0
2026-10-02 19:52:00+00:00,84230.0,84230.01,84212.28,84224.0,7.87508,2026-10-02 19:52:59.999000+00:00,663249.475245,989,2.1496,181041.6498782,0
2026-10-02 19:53:00+00:00,84224.0,84224.01,84190.0,84190.0,7.95824,2026-10-02 19:53:59.999000+00:00,670172.1085996,1107,1.36281,114747.5268602,0
2026-10-02 19:54:00+00:00,84190.0,84226.03,84190.0,84205.42,50.78273,2026-10-02 19:54:59.999000+00:00,4276826.1547714,1443,16.57404,1395645.814042,0
2026-10-02 19:55:00+00:00,84205.42,84256.46,84205.42,84248.01,11.30415,2026-10-02 19:55:59.999000+00:00,952258.8664882,2446,7.56304,637058.7673283,0
2026-10-02 19:56:00+00:00,84248.01,84248.01,84221.75,84223.35,7.79007,2026-10-02 19:56:59.999000+00:00,656212.5891614,1121,1.63319,137557.0939576,0
2026-10-02 19:57:00+00:00,84223.36,84260.01,84223.35,84260.01,9.72632,2026-10-02 19:57:59.999000+00:00,819364.804018,1329,7.71372,649822.2869465,0
2026-10-02 19:58:00+00:00,84260.01,84322.89,84260.01,84308.95,11.96542,2026-10-02 19:58:59.999000+00:00,1008745.1488292,2249,6.10966,515021.9356516,0
2026-10-02 19:59:00+00:00,84308.95,84354.57,84268.5,84315.28,42.52676,2026-10-02 19:59:59.999000+00:00,3585561.2242543,6059,18.57821,1566406.9818329,0
2026-10-02 20:00:00+00:00,84315.27,84371.06,84315.27,84371.06,16.29783,2026-10-02 20:00:59.999000+00:00,1374708.6583484,3436,9.58214,808218.9223158,0
2026-10-02 20:01:00+00:00,84371.05,84400.63,84368.98,84400.0,12.3577,2026-10-02 20:01:59.999000+00:00,1042813.5410589,2257,5.78644,488298.2462137,0
2026-10-02 20:02:00+00:00,84400.0,84401.97,84378.0,84378.0,12.63156,2026-10-02 20:02:59.999000+00:00,1065982.1771197,2131,1.85788,156789.3799238,0
2026-10-02 20:03:00+00:00,84378.0,84378.01,84342.0,84366.01,12.87774,2026-10-02 20:03:59.999000+00:00,1086309.3490393,1454,6.75774,570028.7672537,0
2026-10-02 20:04:00+00:00,84366.01,84384.01,84358.76,84384.0,8.18323,2026-10-02 20:04:59.999000+00:00,690385.6488403,1136,4.27789,360906.2685155,0
2026-10-02 20:05:00+00:00,84384.01,84438.32,84384.0,84438.32,10.59001,2026-10-02 20:05:59.999000+00:00,893850.256952,1735,8.12243,685518.0906603,0
2026-10-02 20:06:00+00:00,84438.32,84474.82,84410.89,84410.89,32.62358,2026-10-02 20:06:59.999000+00:00,2755013.8404863,4025,15.51227,1310027.0639146,0
2026-10-02 20:07:00+00:00,84410.89,84410.9,84384.0,84398.01,11.96791,2026-10-02 20:07:59.999000+00:00,1010012.8354969,1573,7.12355,601173.1520303,0
2026-10-02 20:08:00+00:00,84398.0,84404.01,84363.67,84390.32,9.51904,2026-10-02 20:08:59.999000+00:00,803263.0171743,2389,3.6206,305492.2814288,0
2026-10-02 20:09:00+00:00,84390.31,84390.32,84358.76,84361.47,13.48547,2026-10-02 20:09:59.999000+00:00,1137777.2662529,1117,7.15927,603973.7213373,0
2026-10-02 20:10:00+00:00,84361.47,84364.01,84350.0,84364.01,8.78708,2026-10-02 20:10:59.999000+00:00,741258.7476277,1483,3.51728,296706.8233781,0
2026-10-02 20:11:00+00:00,84364.01,84408.0,84364.01,84408.0,9.79381,2026-10-02 20:11:59.999000+00:00,826549.1287152,1156,8.81453,743898.8571582,0
2026-10-02 20:12:00+00:00,84408.0,84421.71,84394.76,84394.77,5.09936,2026-10-02 20:12:59.999000+00:00,430432.6161787,1293,1.00489,84821.6174301,0
2026-10-02 20:13:00+00:00,84394.77,84397.98,84358.76,84366.0,8.03458,2026-10-02 20:13:59.999000+00:00,677991.2286616,1312,1.48935,125664.8798233,0
2026-10-02 20:14:00+00:00,84366.01,84378.01,84366.0,84374.01,3.3684,2026-10-02 20:14:59.999000+00:00,284211.1899408,839,1.68146,141872.7557188,0
2026-10-02 20:15:00+00:00,84374.0,84386.01,84374.0,84386.0,2.86198,2026-10-02 20:15:59.999000+00:00,241494.5351123,648,1.40875,118868.8714984,0
2026-10-02 20:16:00+00:00,84386.01,84386.01,84375.38,84375.39,5.52912,2026-10-02 20:16:59.999000+00:00,466568.1380325,586,1.43958,121478.9746464,0
2026-10-02 20:17:00+00:00,84375.38,84375.39,84373.78,84375.38,5.91973,2026-10-02 20:17:59.999000+00:00,499474.0220142,561,2.88087,243070.154049,0
2026-10-02 20:18:00+00:00,84375.39,84375.39,84359.94,84368.01,6.94023,2026-10-02 20:18:59.999000+00:00,585532.6250358,1194,1.52182,128387.6488157,0
2026-10-02 20:19:00+00:00,84368.01,84393.15,84368.01,84389.39,4.60865,2026-10-02 20:19:59.999000+00:00,388914.4667548,963,2.15723,182038.1389052,0
2026-10-02 20:20:00+00:00,84389.38,84389.38,84373.24,84380.0,4.21774,2026-10-02 20:20:59.999000+00:00,355898.7886753,567,0.79571,67140.1082817,0
2026-10-02 20:21:00+00:00,84380.01,84380.01,84370.96,84370.97,4.47932,2026-10-02 20:21:59.999000+00:00,377951.9145339,555,0.60677,51195.8257401,0
2026-10-02 20:22:00+00:00,84370.96,84375.55,84357.26,84375.55,10.11471,2026-10-02 20:22:59.999000+00:00,853306.1266823,1229,6.43317,542713.7117596,0
2026-10-02 20:23:00+00:00,84375.54,84491.18,84375.54,84491.17,18.82535,2026-10-02 20:23:59.999000+00:00,1589928.4048437,1841,9.70597,819617.0305521,0
2026-10-02 20:24:00+00:00,84491.17,84528.51,84462.0,84522.0,24.08503,2026-10-02 20:24:59.999000+00:00,2034948.4179169,3561,13.88054,1172816.7787255,0
2026-10-02 20:25:00+00:00,84522.0,84531.99,84488.3,84521.74,14.01856,2026-10-02 20:25:59.999000+00:00,1184792.2305055,2270,8.17962,691317.7919116,0
2026-10-02 20:26:00+00:00,84521.74,84530.01,84521.74,84528.64,3.96861,2026-10-02 20:26:59.999000+00:00,335456.070771,690,2.39747,202649.8753256,0
2026-10-02 20:27:00+00:00,84528.64,84528.64,84408.0,84424.01,19.33538,2026-10-02 20:27:59.999000+00:00,1633453.9301916,3960,8.93321,754735.9317104,0
2026-10-02 20:28:00+00:00,84424.0,84424.01,84347.08,84363.27,8.16354,2026-10-02 20:28:59.999000+00:00,688926.4138643,2247,3.30945,279250.1460799,0
2026-10-02 20:29:00+00:00,84364.01,84364.01,84348.0,84348.0,4.41924,2026-10-02 20:29:59.999000+00:00,372777.3301559,746,1.75613,148132.7875237,0
2026-10-02 20:30:00+00:00,84348.0,84357.72,84342.0,84357.72,5.5185,2026-10-02 20:30:59.999000+00:00,465470.2875131,1040,3.72081,313839.5531797,0
2026-10-02 20:31:00+00:00,84357.72,84402.76,84356.0,84402.74,11.82936,2026-10-02 20:31:59.999000+00:00,998082.8482996,1815,9.34933,788793.6581117,0
2026-10-02 20:32:00+00:00,84402.75,84428.0,84402.74,84428.0,3.4565,2026-10-02 20:32:59.999000+00:00,291772.4386825,870,2.84333,240015.7983764,0
2026-10-02 20:33:00+00:00,84428.0,84452.62,84427.99,84452.62,4.53414,2026-10-02 20:33:59.999000+00:00,382869.5971858,1008,3.22272,272127.87025,0
2026-10-02 20:34:00+00:00,84452.62,84452.62,84452.61,84452.62,1.20777,2026-10-02 20:34:59.999000+00:00,101999.3340345,153,0.52548,44378.1627576,0
2026-10-02 20:35:00+00:00,84452.61,84452.62,84414.0,84414.01,5.26443,2026-10-02 20:35:59.999000+00:00,444495.7396666,1160,1.46319,123542.5314992,0
2026-10-02 20:36:00+00:00,84414.0,84429.93,84414.0,84429.92,1.99093,2026-10-02 20:36:59.999000+00:00,168076.0929078,741,1.38516,116933.8172234,0
2026-10-02 20:37:00+00:00,84429.93,84429.93,84429.92,84429.92,2.49863,2026-10-02 20:37:59.999000+00:00,210959.138757,187,0.77474,65411.2439682,0
2026-10-02 20:38:00+00:00,84429.92,84435.97,84429.92,84435.96,1.91915,2026-10-02 20:38:59.999000+00:00,162037.4541349,345,1.26353,106681.7590841,0
2026-10-02 20:39:00+00:00,84435.96,84435.97,84434.0,84434.01,2.66133,2026-10-02 20:39:59.999000+00:00,224711.8818046,372,0.29687,25066.4833055,0
2026-10-02 20:40:00+00:00,84434.0,84434.0,84422.0,84422.0,5.24028,2026-10-02 20:40:59.999000+00:00,442404.1652458,731,1.01126,85372.6362326,0
2026-10-02 20:41:00+00:00,84422.0,84422.01,84289.4,84295.98,31.42035,2026-10-02 20:41:59.999000+00:00,2649783.7225485,3009,11.72093,988062.8856802,0
2026-10-02 20:42:00+00:00,84295.98,84295.98,84280.0,84282.86,9.51084,2026-10-02 20:42:59.999000+00:00,801632.7990964,1496,2.61709,220576.0799105,0
2026-10-02 20:43:00+00:00,84282.86,84282.86,84232.01,84238.01,28.50135,2026-10-02 20:43:59.999000+00:00,2401469.031937,3109,9.82357,827592.7234133,0
2026-10-02 20:44:00+00:00,84238.01,84238.01,84233.51,84238.01,7.19382,2026-10-02 20:44:59.999000+00:00,605982.695251,678,1.53547,129341.757692,0
2026-10-02 20:45:00+00:00,84238.01,84247.22,84238.0,84246.23,7.0066,2026-10-02 20:45:59.999000+00:00,590259.1614256,924,1.25378,105620.1247511,0
2026-10-02 20:46:00+00:00,84246.23,84370.0,84238.0,84370.0,40.25416,2026-10-02 20:46:59.999000+00:00,3393064.6463249,3970,30.75927,2592801.4257518,0
2026-10-02 20:47:00+00:00,84370.0,84396.0,84358.47,84396.0,21.90691,2026-10-02 20:47:59.999000+00:00,1848401.5482352,4087,13.69507,1155516.2112059,0
2026-10-02 20:48:00+00:00,84396.0,84396.01,84364.0,84364.0,14.92021,2026-10-02 20:48:59.999000+00:00,1258905.1497725,2053,9.67533,816334.1624834,0
2026-10-02 20:49:00+00:00,84364.0,84364.01,84358.0,84358.01,8.39538,2026-10-02 20:49:59.999000+00:00,708261.6011237,652,5.72317,482826.4884282,0
2026-10-02 20:50:00+00:00,84358.01,84418.02,84358.0,84418.02,7.00591,2026-10-02 20:50:59.999000+00:00,591211.7963767,2358,6.23297,525996.5935107,0
2026-10-02 20:51:00+00:00,84418.02,84456.02,84398.0,84456.02,14.98348,2026-10-02 20:51:59.999000+00:00,1264835.675315,2703,8.7615,739556.6376032,0
2026-10-02 20:52:00+00:00,84456.02,84475.23,84456.02,84475.23,4.91147,2026-10-02 20:52:59.999000+00:00,414814.6710946,1387,3.68549,311269.8453885,0
2026-10-02 20:53:00+00:00,84475.23,84475.25,84448.0,84454.01,8.22478,2026-10-02 20:53:59.999000+00:00,694742.1710657,1044,1.46209,123487.2203848,0
2026-10-02 20:54:00+00:00,84454.01,84454.01,84431.67,84431.68,5.13491,2026-10-02 20:54:59.999000+00:00,433642.0960299,673,1.1465,96819.7717845,0
2026-10-02 20:55:00+00:00,84431.68,84434.01,84386.0,84386.0,6.07565,2026-10-02 20:55:59.999000+00:00,512860.9285671,1222,1.98717,167757.3866789,0
2026-10-02 20:56:00+00:00,84386.0,84393.99,84386.0,84393.99,2.17803,2026-10-02 20:56:59.999000+00:00,183802.9726675,592,1.34978,113906.5361295,0
2026-10-02 20:57:00+00:00,84393.99,84393.99,84388.0,84388.0,3.9771,2026-10-02 20:57:59.999000+00:00,335629.7203944,446,1.76442,148898.355228,0
2026-10-02 20:58:00+00:00,84388.01,84448.28,84388.01,84446.95,13.52886,2026-10-02 20:58:59.999000+00:00,1142274.3869432,2414,6.36445,537290.3107554,0
2026-10-02 20:59:00+00:00,84446.94,84500.47,84434.0,84459.04,8.22022,2026-10-02 20:59:59.999000+00:00,694345.9413935,2684,4.30697,363769.7977398,0
2026-10-02 21:00:00+00:00,84459.04,84482.0,84442.0,84482.0,6.78508,2026-10-02 21:00:59.999000+00:00,573031.8575438,1576,4.90755,414458.866794,0
2026-10-02 21:01:00+00:00,84482.0,84518.01,84481.99,84518.0,3.92494,2026-10-02 21:01:59.999000+00:00,331681.4635004,1240,3.83593,324158.7822149,0
2026-10-02 21:02:00+00:00,84518.01,84544.46,84518.0,84524.57,11.39549,2026-10-02 21:02:59.999000+00:00,963327.049589,1598,7.55835,638940.2890067,0
2026-10-02 21:03:00+00:00,84524.56,84524.56,84506.37,84510.78,4.86648,2026-10-02 21:03:59.999000+00:00,411259.7951157,1136,3.79085,320354.9050732,0
2026-10-02 21:04:00+00:00,84510.77,84510.78,84510.77,84510.78,2.20366,2026-10-02 21:04:59.999000+00:00,186233.0139116,197,1.04934,88680.5418852,0
2026-10-02 21:05:00+00:00,84510.78,84510.97,84510.77,84510.97,2.97224,2026-10-02 21:05:59.999000+00:00,251186.3721746,356,1.97221,166673.0570627,0
2026-10-02 21:06:00+00:00,84510.97,84516.01,84510.96,84513.38,4.36582,2026-10-02 21:06:59.999000+00:00,368974.8961484,538,1.63008,137762.8803489,0
2026-10-02 21:07:00+00:00,84513.39,84513.39,84494.48,84494.48,3.91566,2026-10-02 21:07:59.999000+00:00,330887.8339179,774,0.90181,76203.5386473,0
2026-10-02 21:08:00+00:00,84494.48,84498.09,84494.48,84498.09,2.00679,2026-10-02 21:08:59.999000+00:00,169566.8432773,406,1.87048,158049.0195263,0
2026-10-02 21:09:00+00:00,84498.08,84512.01,84498.08,84512.0,13.18866,2026-10-02 21:09:59.999000+00:00,1114518.1514383,538,11.03096,932192.4391706,0
2026-10-02 21:10:00+00:00,84512.01,84520.01,84512.0,84520.01,2.1269,2026-10-02 21:10:59.999000+00:00,179751.461907,658,2.05739,173876.9524416,0
2026-10-02 21:11:00+00:00,84520.0,84523.71,84520.0,84523.71,2.84426,2026-10-02 21:11:59.999000+00:00,240406.9720161,338,2.46669,208493.3783894,0
2026-10-02 21:12:00+00:00,84523.71,84523.71,84523.7,84523.7,1.23381,2026-10-02 21:12:59.999000+00:00,104286.1933813,112,0.70843,59879.1318753,0
2026-10-02 21:13:00+00:00,84523.7,84523.71,84498.08,84498.09,12.67477,2026-10-02 21:13:59.999000+00:00,1071129.0180791,1176,7.3308,619494.0058533,0
2026-10-02 21:14:00+00:00,84498.08,84498.09,84496.0,84496.0,2.36088,2026-10-02 21:14:59.999000+00:00,199485.9557142,331,1.72541,145790.6685229,0
2026-10-02 21:15:00+00:00,84496.0,84500.84,84496.0,84500.84,1.78136,2026-10-02 21:15:59.999000+00:00,150520.1927109,328,1.66502,140689.9266702,0
2026-10-02 21:16:00+00:00,84500.84,84500.84,84500.83,84500.83,0.86254,2026-10-02 21:16:59.999000+00:00,72885.3515794,170,0.56712,47922.1163808,0
2026-10-02 21:17:00+00:00,84500.84,84501.78,84500.83,84501.77,1.5301,2026-10-02 21:17:59.999000+00:00,129294.8205775,213,1.30213,110031.1159126,0
2026-10-02 21:18:00+00:00,84501.78,84509.71,84501.77,84509.71,2.59256,2026-10-02 21:18:59.999000+00:00,219088.449174,433,1.98922,168100.4130079,0
2026-10-02 21:19:00+00:00,84509.71,84509.71,84494.01,84494.01,11.10425,2026-10-02 21:19:59.999000+00:00,938338.9872008,913,0.52369,44256.2608694,0
2026-10-02 21:20:00+00:00,84494.01,84494.01,84494.0,84494.01,1.72777,2026-10-02 21:20:59.999000+00:00,145986.211545,134,1.3165,111236.364165,0
2026-10-02 21:21:00+00:00,84494.01,84494.01,84491.52,84491.53,4.30093,2026-10-02 21:21:59.999000+00:00,363397.1033509,364,1.15029,97190.0730357,0
2026-10-02 21:22:00+00:00,84491.53,84491.53,84479.99,84480.0,14.5859,2026-10-02 21:22:59.999000+00:00,1232348.3336701,618,2.83274,239342.395565,0
2026-10-02 21:23:00+00:00,84480.0,84487.99,84479.99,84487.36,3.927,2026-10-02 21:23:59.999000+00:00,331763.6477341,274,3.24029,273748.7258965,0
2026-10-02 21:24:00+00:00,84487.37,84487.37,84487.36,84487.36,0.91647,2026-10-02 21:24:59.999000+00:00,77430.135582,108,0.47628,40239.6445836,0
2026-10-02 21:25:00+00:00,84487.37,84491.16,84487.36,84487.37,11.99915,2026-10-02 21:25:59.999000+00:00,1013794.2887516,667,5.12735,433198.160976,0
2026-10-02 21:26:00+00:00,84487.36,84487.37,84431.79,84434.01,11.58639,2026-10-02 21:26:59.999000+00:00,978596.5895608,2009,2.24807,189819.285628,0
2026-10-02 21:27:00+00:00,84434.01,84442.01,84434.0,84442.01,4.64024,2026-10-02 21:27:59.999000+00:00,391796.2764283,443,1.58138,133524.4911883,0
2026-10-02 21:28:00+00:00,84442.01,84442.02,84434.26,84438.4,8.60225,2026-10-02 21:28:59.999000+00:00,726357.7255292,933,4.81324,406409.0973754,0
2026-10-02 21:29:00+00:00,84438.4,84438.4,84434.0,84434.01,2.43455,2026-10-02 21:29:59.999000+00:00,205562.5949686,413,0.8211,69328.765611,0
2026-10-02 21:30:00+00:00,84434.0,84434.01,84422.01,84422.01,6.09914,2026-10-02 21:30:59.999000+00:00,514966.851654,525,2.5327,213844.7818733,0
2026-10-02 21:31:00+00:00,84422.01,84429.4,84422.01,84429.4,2.78378,2026-10-02 21:31:59.999000+00:00,235023.0114148,330,2.1626,182580.1484398,0
2026-10-02 21:32:00+00:00,84429.4,84442.01,84429.07,84429.07,6.03255,2026-10-02 21:32:59.999000+00:00,509362.6137714,768,3.24783,274224.5692237,0
2026-10-02 21:33:00+00:00,84429.07,84442.02,84426.0,84442.0,5.29008,2026-10-02 21:33:59.999000+00:00,446640.4191777,944,4.31653,364445.5079657,0
2026-10-02 21:34:00+00:00,84442.01,84456.02,84433.98,84433.99,17.43537,2026-10-02 21:34:59.999000+00:00,1472303.6193194,1091,2.03521,171869.759866,0
2026-10-02 21:35:00+00:00,84433.99,84456.01,84433.98,84456.01,3.21881,2026-10-02 21:35:59.999000+00:00,271818.3268016,836,2.5003,211147.1328781,0
2026-10-02 21:36:00+00:00,84456.01,84485.47,84456.0,84485.47,2.29234,2026-10-02 21:36:59.999000+00:00,193641.1393643,1069,1.92065,162243.7228739,0
2026-10-02 21:37:00+00:00,84485.46,84512.6,84485.46,84512.59,5.1134,2026-10-02 21:37:59.999000+00:00,432073.778751,833,4.50967,381054.4927428,0
2026-10-02 21:38:00+00:00,84512.59,84512.59,84494.0,84510.01,5.15676,2026-10-02 21:38:59.999000+00:00,435768.5997737,1719,1.74175,147178.756439,0
2026-10-02 21:39:00+00:00,84510.01,84544.46,84510.0,84544.46,6.5227,2026-10-02 21:39:59.999000+00:00,551373.4467957,1148,4.75722,402130.8486923,0
2026-10-02 21:40:00+00:00,84544.45,84544.46,84520.57,84529.36,7.95546,2026-10-02 21:40:59.999000+00:00,672471.0974419,2674,3.08897,261097.7494962,0
2026-10-02 21:41:00+00:00,84529.36,84544.46,84519.01,84532.0,7.01851,2026-10-02 21:41:59.999000+00:00,593306.2304291,2496,3.32254,280861.3165929,0
2026-10-02 21:42:00+00:00,84532.01,84532.01,84532.0,84532.01,2.29947,2026-10-02 21:42:59.999000+00:00,194378.8032515,233,0.52115,44053.8570115,0
2026-10-02 21:43:00+00:00,84532.0,84544.46,84511.16,84511.16,7.56893,2026-10-02 21:43:59.999000+00:00,639840.3228734,1834,1.65296,139732.643826,0
2026-10-02 21:44:00+00:00,84511.16,84520.0,84511.16,84520.0,4.12054,2026-10-02 21:44:59.999000+00:00,348254.3184316,1074,1.47894,124993.388085,0
2026-10-02 21:45:00+00:00,84519.99,84532.17,84519.99,84532.16,3.04544,2026-10-02 21:45:59.999000+00:00,257414.8630965,585,2.63391,222629.7208393,0
2026-10-02 21:46:00+00:00,84532.17,84539.59,84532.16,84538.0,1.51005,2026-10-02 21:46:59.999000+00:00,127653.5874946,729,0.87757,74185.4995139,0
2026-10-02 21:47:00+00:00,84538.0,84539.94,84535.26,84539.94,4.28987,2026-10-02 21:47:59.999000+00:00,362648.4502059,487,3.48238,294386.6761815,0
2026-10-02 21:48:00+00:00,84539.93,84539.94,84504.98,84504.99,13.28258,2026-10-02 21:48:59.999000+00:00,1122568.3096041,1495,1.93372,163417.8734656,0
2026-10-02 21:49:00+00:00,84504.98,84515.37,84504.98,84515.36,13.52374,2026-10-02 21:49:59.999000+00:00,1142832.8037956,573,13.40256,1132592.1908155,0
2026-10-02 21:50:00+00:00,84515.36,84515.37,84500.0,84505.64,7.18072,2026-10-02 21:50:59.999000+00:00,606842.3129385,561,1.54226,130342.7220171,0
2026-10-02 21:51:00+00:00,84505.64,84523.35,84505.63,84523.35,4.91828,2026-10-02 21:51:59.999000+00:00,415637.7699428,835,3.8633,326483.7844221,0
2026-10-02 21:52:00+00:00,84523.35,84534.01,84523.34,84534.01,1.13895,2026-10-02 21:52:59.999000+00:00,96274.0743764,969,0.90719,76683.7828299,0
2026-10-02 21:53:00+00:00,84534.0,84537.3,84530.92,84537.3,11.95777,2026-10-02 21:53:59.999000+00:00,1010848.9411058,874,1.36402,115306.5371915,0
2026-10-02 21:54:00+00:00,84537.3,84538.72,84513.99,84513.99,15.01356,2026-10-02 21:54:59.999000+00:00,1269036.0530584,1158,1.47147,124394.7839826,0
2026-10-02 21:55:00+00:00,84514.0,84523.64,84513.99,84516.01,5.55603,2026-10-02 21:55:59.999000+00:00,469593.5839379,1055,2.82806,239023.6437272,0
2026-10-02 21:56:00+00:00,84516.01,84516.01,84516.0,84516.01,0.34478,2026-10-02 21:56:59.999000+00:00,29139.4292871,97,0.28071,23724.4891671,0
2026-10-02 21:57:00+00:00,84516.0,84523.99,84516.0,84523.99,5.32755,2026-10-02 21:57:59.999000+00:00,450278.310072,335,5.17583,437455.3409784,0
2026-10-02 21:58:00+00:00,84523.99,84523.99,84523.98,84523.99,1.33453,2026-10-02 21:58:59.999000+00:00,112799.7915644,182,0.4535,38331.629465,0
2026-10-02 21:59:00+00:00,84523.99,84531.85,84523.98,84531.69,3.1363,2026-10-02 21:59:59.999000+00:00,265104.8798493,247,2.59125,219034.5777363,0
2026-10-02 22:00:00+00:00,84531.68,84550.0,84531.68,84534.29,6.94422,2026-10-02 22:00:59.999000+00:00,587079.0240202,1399,2.07534,175445.4647013,0
2026-10-02 22:01:00+00:00,84534.28,84540.01,84534.28,84536.0,2.81195,2026-10-02 22:01:59.999000+00:00,237712.8204078,584,1.46892,124174.6296822,0
2026-10-02 22:02:00+00:00,84536.0,84536.01,84476.35,84488.05,24.24361,2026-10-02 22:02:59.999000+00:00,2048491.889816,3094,11.7862,995791.4593218,0
2026-10-02 22:03:00+00:00,84488.05,84518.01,84488.05,84512.25,4.86203,2026-10-02 22:03:59.999000+00:00,410895.7526553,1637,2.59126,218978.4978072,0
2026-10-02 22:04:00+00:00,84512.25,84512.25,84488.0,84488.01,2.92316,2026-10-02 22:04:59.999000+00:00,247019.17050910,842,0.66201000,55939.96034680,0
2026-10-02 22:05:00+00:00,84488.0,84488.01,84474.56,84474.57,1.33669,2026-10-02 22:05:59.999000+00:00,112924.59223270,405,0.42313000,35744.38754970,0
2026-10-02 22:06:00+00:00,84474.56,84474.57,84460.0,84460.01,8.1032,2026-10-02 22:06:59.999000+00:00,684466.98503050,652,0.77224000,65226.83048320,0
2026-10-02 22:07:00+00:00,84460.01,84496.01,84460.0,84496.0,3.79056,2026-10-02 22:07:59.999000+00:00,320228.71518230,973,3.47346000,293438.89150660,0
2026-10-02 22:08:00+00:00,84496.01,84496.01,84486.0,84486.0,3.44063,2026-10-02 22:08:59.999000+00:00,290705.03807600,845,1.00271000,84718.00615430,0
2026-10-02 22:09:00+00:00,84486.0,84486.01,84486.0,84486.01,2.18772,2026-10-02 22:09:59.999000+00:00,184831.72569570,203,1.37757000,116385.39279570,0
2026-10-02 22:10:00+00:00,84486.01,84486.01,84480.0,84481.36,6.1564,2026-10-02 22:10:59.999000+00:00,520109.22460810,500,2.66320000,224990.20300780,0
2026-10-02 22:11:00+00:00,84481.37,84481.37,84481.36,84481.37,2.42218,2026-10-02 22:11:59.999000+00:00,204629.08356080,183,2.29960000,194273.35845200,0
2026-10-02 22:12:00+00:00,84481.37,84523.27,84481.37,84506.43,65.71605,2026-10-02 22:12:59.999000+00:00,5553084.75800650,1602,60.82387000,5139702.54646810,0
2026-10-02 22:13:00+00:00,84506.42,84537.45,84494.01,84530.0,111.02389,2026-10-02 22:13:59.999000+00:00,9383557.66907340,4629,79.26581000,6699060.88644870,0
2026-10-02 22:14:00+00:00,84530.0,84545.91,84530.0,84545.91,4.26049,2026-10-02 22:14:59.999000+00:00,360157.14220150,615,2.88446000,243833.75436360,0
2026-10-02 22:15:00+00:00,84546.0,84550.0,84543.01,84543.02,5.80565,2026-10-02 22:15:59.999000+00:00,490849.12849400,854,0.98767000,83503.62546910,0
2026-10-02 22:16:00+00:00,84543.01,84543.02,84534.35,84537.06,2.61079,2026-10-02 22:16:59.999000+00:00,220715.00270300,537,0.57698000,48776.61167400,0
2026-10-02 22:17:00+00:00,84537.07,84554.01,84537.06,84554.01,4.72816,2026-10-02 22:17:59.999000+00:00,399747.05824690,469,4.41917000,373624.17117530,0
2026-10-02 22:18:00+00:00,84554.0,84554.0,84541.97,84547.98,3.08115,2026-10-02 22:18:59.999000+00:00,260508.11548760,1268,0.87034000,73581.17188970,0
2026-10-02 22:19:00+00:00,84547.98,84547.99,84533.99,84546.03,20.23385,2026-10-02 22:19:59.999000+00:00,1710564.73300380,1755,16.24956000,1373730.69587640,0
2026-10-02 22:20:00+00:00,84546.03,84546.11,84534.35,84543.56,7.00878,2026-10-02 22:20:59.999000+00:00,592535.12354370,1058,3.16750000,267780.14313220,0
2026-10-02 22:21:00+00:00,84543.56,84554.36,84543.55,84554.0,6.4184,2026-10-02 22:21:59.999000+00:00,542668.78271360,626,5.33522000,451083.54988860,0
2026-10-02 22:22:00+00:00,84554.0,84554.01,84554.0,84554.01,1.43949,2026-10-02 22:22:59.999000+00:00,121714.64387670,153,0.64167000,54255.77159670,0
2026-10-02 22:23:00+00:00,84554.01,84554.01,84552.64,84553.9,3.04586,2026-10-02 22:23:59.999000+00:00,257537.10104800,447,1.39497000,117948.90325120,0
2026-10-02 22:24:00+00:00,84553.9,84564.0,84553.89,84563.31,2.99815,2026-10-02 22:24:59.999000+00:00,253517.79458620,581,2.68718000,227222.86405150,0
2026-10-02 22:25:00+00:00,84563.32,84567.22,84540.0,84540.01,10.75928,2026-10-02 22:25:59.999000+00:00,909754.68962510,1133,1.18983000,100609.22417910,0
2026-10-02 22:26:00+00:00,84540.01,84540.01,84510.0,84510.0,8.67088,2026-10-02 22:26:59.999000+00:00,732901.47471890,890,0.87520000,73968.82138100,0
2026-10-02 22:27:00+00:00,84510.0,84510.0,84484.86,84492.01,7.27165,2026-10-02 22:27:59.999000+00:00,614428.39585250,1095,1.87903000,158756.67548680,0
2026-10-02 22:28:00+00:00,84492.01,84512.01,84492.0,84512.01,4.35718,2026-10-02 22:28:59.999000+00:00,368179.65896710,803,3.42732000,289605.48964440,0
2026-10-02 22:29:00+00:00,84512.01,84550.01,84512.0,84525.01,28.43717,2026-10-02 22:29:59.999000+00:00,2404067.76224270,1102,7.49950000,633962.72995870,0
2026-10-02 22:30:00+00:00,84525.02,84525.02,84525.01,84525.01,1.99867,2026-10-02 22:30:59.999000+00:00,168937.60811690,174,0.63802000,53928.65326040,0
2026-10-02 22:31:00+00:00,84525.02,84534.99,84525.01,84534.98,2.91128,2026-10-02 22:31:59.999000+00:00,246096.24653610,883,2.41223000,203910.65410490,0
2026-10-02 22:32:00+00:00,84534.99,84540.0,84534.98,84540.0,1.04728,2026-10-02 22:32:59.999000+00:00,88535.72111050,384,0.97566000,82480.97494250,0
2026-10-02 22:33:00+00:00,84540.0,84540.0,84539.99,84540.0,1.96483,2026-10-02 22:33:59.999000+00:00,166106.72533400,269,1.67823000,141877.56420000,0
2026-10-02 22:34:00+00:00,84540.0,84546.01,84539.99,84546.01,3.75568,2026-10-02 22:34:59.999000+00:00,317513.21050600,536,3.54508000,299708.62249020,0
2026-10-02 22:35:00+00:00,84546.0,84546.01,84546.0,84546.01,0.83792,2026-10-02 22:35:59.999000+00:00,70842.79024850,201,0.59285000,50123.10202850,0
2026-10-02 22:36:00+00:00,84546.0,84552.01,84546.0,84552.0,1.20608,2026-10-02 22:36:59.999000+00:00,101972.09270030,264,1.15781000,97890.82838030,0
2026-10-02 22:37:00+00:00,84552.01,84558.7,84552.0,84558.7,2.832,2026-10-02 22:37:59.999000+00:00,239452.91957010,304,2.65855000,224787.32479440,0
2026-10-02 22:38:00+00:00,84558.69,84558.7,84558.69,84558.7,0.93882,2026-10-02 22:38:59.999000+00:00,79385.39487020,119,0.55244000,46713.60822800,0
2026-10-02 22:39:00+00:00,84558.7,84558.7,84514.83,84522.78,20.62716,2026-10-02 22:39:59.999000+00:00,1743763.06552990,1730,2.87323000,242869.97389170,0
2026-10-02 22:40:00+00:00,84522.78,84522.78,84500.0,84500.01,3.48011,2026-10-02 22:40:59.999000+00:00,294093.58314060,885,1.54693000,130723.20640590,0
2026-10-02 22:41:00+00:00,84500.01,84508.31,84499.99,84508.3,13.52885,2026-10-02 22:41:59.999000+00:00,1143200.89604550,834,6.31475000,533607.69610570,0
2026-10-02 22:42:00+00:00,84508.31,84513.3,84508.3,84513.3,1.09804,2026-10-02 22:42:59.999000+00:00,92794.82511210,535,1.03978000,87871.34047140,0
2026-10-02 22:43:00+00:00,84513.29,84515.0,84509.96,84509.97,36.12013,2026-10-02 22:43:59.999000+00:00,3052679.06435760,721,8.21496000,694284.36053660,0
2026-10-02 22:44:00+00:00,84509.97,84528.64,84509.96,84510.0,92.91315,2026-10-02 22:44:59.999000+00:00,7852300.38186050,729,74.76629000,6318526.27205600,0
2026-10-02 22:45:00+00:00,84510.0,84520.01,84492.93,84515.44,64.35581,2026-10-02 22:45:59.999000+00:00,5438551.75667990,2961,16.52269000,1396303.35462180,0
2026-10-02 22:46:00+00:00,84515.44,84520.0,84515.43,84520.0,1.42818,2026-10-02 22:46:59.999000+00:00,120704.06114010,489,1.28246000,108388.44467970,0
2026-10-02 22:47:00+00:00,84519.99,84530.0,84519.99,84530.0,1.98868,2026-10-02 22:47:59.999000+00:00,168100.53145730,515,1.68489000,142421.20622440,0
2026-10-02 22:48:00+00:00,84529.99,84530.0,84529.99,84530.0,7.21141,2026-10-02 22:48:59.999000+00:00,609580.47984920,194,6.46633000,546598.87490000,0
2026-10-02 22:49:00+00:00,84530.0,84548.01,84529.99,84548.0,4.86881,2026-10-02 22:49:59.999000+00:00,411592.17500730,596,4.79760000,405571.77582480,0
2026-10-02 22:50:00+00:00,84548.0,84548.0,84527.13,84527.14,13.39779,2026-10-02 22:50:59.999000+00:00,1132710.72428540,1058,0.90628000,76612.37261790,0
2026-10-02 22:51:00+00:00,84527.14,84527.14,84527.13,84527.13,0.98933,2026-10-02 22:51:59.999000+00:00,83625.23369480,134,0.81719000,69074.73353660,0
2026-10-02 22:52:00+00:00,84527.14,84557.97,84527.14,84541.27,5.45002,2026-10-02 22:52:59.999000+00:00,460785.08309590,1964,3.11990000,263767.00698500,0
2026-10-02 22:53:00+00:00,84541.27,84541.27,84525.98,84526.0,5.1545,2026-10-02 22:53:59.999000+00:00,435736.19173960,560,0.54241000,45852.48910030,0
2026-10-02 22:54:00+00:00,84526.01,84533.02,84526.0,84533.02,1.34311,2026-10-02 22:54:59.999000+00:00,113529.98790480,387,1.32057000,111624.73504390,0
2026-10-02 22:55:00+00:00,84533.02,84552.01,84533.02,84552.01,2.34496,2026-10-02 22:55:59.999000+00:00,198250.33368030,877,2.31955000,196102.17913400,0
2026-10-02 22:56:00+00:00,84552.01,84552.01,84552.0,84552.01,1.26235,2026-10-02 22:56:59.999000+00:00,106734.22684080,138,0.96408000,81514.90180080,0
2026-10-02 22:57:00+00:00,84552.01,84552.01,84552.0,84552.01,1.15966,2026-10-02 22:57:59.999000+00:00,98051.58157730,93,0.92573000,78272.33221730,0
2026-10-02 22:58:00+00:00,84552.01,84560.0,84552.0,84560.0,0.80597,2026-10-02 22:58:59.999000+00:00,68149.00937120,369,0.76087000,64335.65634750,0
2026-10-02 22:59:00+00:00,84559.99,84560.0,84559.99,84560.0,0.55429,2026-10-02 22:59:59.999000+00:00,46870.76151270,78,0.46556000,39367.75360000,0
2026-10-02 23:00:00+00:00,84559.99,84561.32,84559.99,84561.32,0.87896,2026-10-02 23:00:59.999000+00:00,74325.95067420,281,0.46629000,39430.03836890,0
2026-10-02 23:01:00+00:00,84561.32,84562.01,84540.0,84540.01,8.96958,2026-10-02 23:01:59.999000+00:00,758441.05845690,1155,0.74294000,62811.09071660,0
2026-10-02 23:02:00+00:00,84540.0,84542.74,84539.97,84542.74,4.7711,2026-10-02 23:02:59.999000+00:00,403349.36994670,614,3.57377000,302126.78833230,0
2026-10-02 23:03:00+00:00,84542.73,84545.45,84542.73,84545.44,6.70331,2026-10-02 23:03:59.999000+00:00,566718.27457860,373,0.65576000,55440.17642920,0
2026-10-02 23:04:00+00:00,84545.45,84545.46,84545.44,84545.45,1.34769,2026-10-02 23:04:59.999000+00:00,113941.05003410,218,0.54288000,45898.03404310,0
2026-10-02 23:05:00+00:00,84545.46,84545.46,84528.0,84528.01,2.51475,2026-10-02 23:05:59.999000+00:00,212599.26070280,876,0.32338000,27339.20244180,0
2026-10-02 23:06:00+00:00,84528.0,84528.01,84528.0,84528.01,0.81806,2026-10-02 23:06:59.999000+00:00,69148.98061620,110,0.49362000,41724.71629620,0
2026-10-02 23:07:00+00:00,84528.01,84528.01,84528.0,84528.01,1.48951,2026-10-02 23:07:59.999000+00:00,125905.31035190,140,0.90719000,76682.96539190,0
2026-10-02 23:08:00+00:00,84528.0,84528.01,84514.0,84514.01,2.94591,2026-10-02 23:08:59.999000+00:00,248998.63249440,746,0.65042000,54977.57690050,0
2026-10-02 23:09:00+00:00,84514.0,84514.01,84500.0,84500.0,2.16081,2026-10-02 23:09:59.999000+00:00,182594.89728770,434,0.28836000,24366.42386360,0
2026-10-02 23:10:00+00:00,84500.01,84500.01,84500.0,84500.01,1.63573,2026-10-02 23:10:59.999000+00:00,138219.19017470,235,0.51747000,43726.22017470,0
2026-10-02 23:11:00+00:00,84500.0,84500.01,84490.0,84490.01,2.6421,2026-10-02 23:11:59.999000+00:00,223246.92106360,782,0.51020000,43109.19664050,0
2026-10-02 23:12:00+00:00,84490.0,84490.01,84488.0,84488.01,1.7446,2026-10-02 23:12:59.999000+00:00,147400.28316420,245,0.55488000,46881.03574880,0
2026-10-02 23:13:00+00:00,84488.0,84490.72,84488.0,84490.71,4.20458,2026-10-02 23:13:59.999000+00:00,355237.07060000,300,3.72371000,314609.31582330,0
2026-10-02 23:14:00+00:00,84490.72,84490.72,84490.71,84490.72,0.82196,2026-10-02 23:14:59.999000+00:00,69447.98928510,114,0.52935000,44725.16263200,0
2026-10-02 23:15:00+00:00,84490.72,84490.72,84490.71,84490.72,0.63489,2026-10-02 23:15:59.999000+00:00,53642.31148180,152,0.46099000,38949.37701280,0
2026-10-02 23:16:00+00:00,84490.72,84492.78,84490.71,84492.54,2.72761,2026-10-02 23:16:59.999000+00:00,230461.57671400,406,0.98666000,83364.35967170,0
2026-10-02 23:17:00+00:00,84492.53,84500.01,84492.53,84500.01,1.79134,2026-10-02 23:17:59.999000+00:00,151359.82170440,390,0.76019000,64232.57318830,0
2026-10-02 23:18:00+00:00,84500.0,84502.01,84500.0,84502.01,0.4922,2026-10-02 23:18:59.999000+00:00,41591.28942120,179,0.31815000,26883.99620120,0
2026-10-02 23:19:00+00:00,84502.0,84502.02,84490.48,84490.49,21.49457,2026-10-02 23:19:59.999000+00:00,1816257.12556240,811,0.91050000,76939.07020620,0
2026-10-02 23:20:00+00:00,84490.48,84498.0,84490.48,84497.99,2.43567,2026-10-02 23:20:59.999000+00:00,205795.74313770,443,2.24083000,189333.57903760,0
2026-10-02 23:21:00+00:00,84498.0,84498.0,84497.99,84497.99,0.61296,2026-10-02 23:21:59.999000+00:00,51793.89267230,92,0.47219000,39899.11062000,0
2026-10-02 23:22:00+00:00,84498.0,84498.0,84497.99,84498.0,0.58399,2026-10-02 23:22:59.999000+00:00,49345.98423420,83,0.30541000,25806.53418000,0
2026-10-02 23:23:00+00:00,84498.0,84498.0,84497.99,84497.99,0.36258,2026-10-02 23:23:59.999000+00:00,30637.28348550,79,0.22713000,19192.03074000,0
2026-10-02 23:24:00+00:00,84498.0,84502.01,84497.99,84502.01,5.18401,2026-10-02 23:24:59.999000+00:00,438041.70459880,554,3.93648000,332627.89003140,0
2026-10-02 23:25:00+00:00,84502.01,84508.01,84502.0,84508.0,1.41681,2026-10-02 23:25:59.999000+00:00,119725.08856850,266,1.20177000,101552.72067930,0
2026-10-02 23:26:00+00:00,84508.0,84536.01,84508.0,84536.0,4.69106,2026-10-02 23:26:59.999000+00:00,396483.92691790,891,3.72449000,314789.50895990,0
2026-10-02 23:27:00+00:00,84536.01,84536.01,84536.0,84536.01,2.9614,2026-10-02 23:27:59.999000+00:00,250344.91580850,132,0.54085000,45721.30100850,0
2026-10-02 23:28:00+00:00,84536.01,84550.02,84536.0,84550.01,2.60285,2026-10-02 23:28:59.999000+00:00,220046.43876370,968,1.76653000,149345.98087040,0
2026-10-02 23:29:00+00:00,84550.02,84566.01,84550.01,84566.0,1.72157,2026-10-02 23:29:59.999000+00:00,145580.65513960,683,0.85787000,72541.62813850,0
2026-10-02 23:30:00+00:00,84566.01,84566.01,84562.6,84562.6,22.57483,2026-10-02 23:30:59.999000+00:00,1909061.29059100,725,7.57460000,640553.01778200,0
2026-10-02 23:31:00+00:00,84562.61,84562.61,84562.0,84562.0,5.58434,2026-10-02 23:31:59.999000+00:00,472223.21485190,345,4.25937000,360180.99478770,0
2026-10-02 23:32:00+00:00,84562.0,84562.01,84545.76,84545.76,7.46053,2026-10-02 23:32:59.999000+00:00,630808.04235300,1030,2.87824000,243353.24362000,0
2026-10-02 23:33:00+00:00,84545.77,84545.77,84519.35,84519.78,5.57588,2026-10-02 23:33:59.999000+00:00,471345.22169090,1244,0.58952000,49827.60794760,0
2026-10-02 23:34:00+00:00,84519.78,84528.0,84519.77,84528.0,5.76201,2026-10-02 23:34:59.999000+00:00,487014.54513730,402,2.78945000,235771.38253720,0
2026-10-02 23:35:00+00:00,84528.0,84545.86,84527.99,84545.86,3.2007,2026-10-02 23:35:59.999000+00:00,270569.99196100,586,2.82969000,239205.74514630,0
2026-10-02 23:36:00+00:00,84545.86,84545.86,84526.0,84526.0,6.27426,2026-10-02 23:36:59.999000+00:00,530409.09018530,899,2.64583000,223672.08832820,0
2026-10-02 23:37:00+00:00,84526.01,84526.01,84526.0,84526.01,1.47321,2026-10-02 23:37:59.999000+00:00,124524.55666410,139,0.82041000,69345.98386410,0
2026-10-02 23:38:00+00:00,84526.0,84526.01,84526.0,84526.01,0.62839,2026-10-02 23:38:59.999000+00:00,53115.29755470,96,0.44147000,37315.69763470,0
2026-10-02 23:39:00+00:00,84526.01,84527.36,84526.0,84526.01,1.80557,2026-10-02 23:39:59.999000+00:00,152617.62978650,232,1.69084000,142919.96170290,0
2026-10-02 23:40:00+00:00,84526.02,84538.01,84526.02,84538.01,1.43059,2026-10-02 23:40:59.999000+00:00,120926.17071170,842,1.35179000,114265.34763650,0
2026-10-02 23:41:00+00:00,84538.0,84540.0,84538.0,84539.99,1.46979,2026-10-02 23:41:59.999000+00:00,124253.77385480,224,0.41202000,34831.93145990,0
2026-10-02 23:42:00+00:00,84539.99,84544.01,84539.99,84544.01,2.11268,2026-10-02 23:42:59.999000+00:00,178611.26319780,314,1.59987000,135258.28176070,0
2026-10-02 23:43:00+00:00,84544.01,84557.74,84544.0,84554.01,4.53144,2026-10-02 23:43:59.999000+00:00,383158.13031720,1087,1.12649000,95244.69849850,0
2026-10-02 23:44:00+00:00,84554.01,84590.01,84554.0,84579.39,102.98733,2026-10-02 23:44:59.999000+00:00,8710160.66927170,2523,79.85896000,6753894.81073450,0
2026-10-02 23:45:00+00:00,84579.39,84579.39,84570.07,84570.07,3.46697,2026-10-02 23:45:59.999000+00:00,293228.00953110,609,1.79151000,151523.36710500,0
2026-10-02 23:46:00+00:00,84570.08,84570.08,84568.0,84568.0,1.92484,2026-10-02 23:46:59.999000+00:00,162781.57116450,313,0.52542000,44433.74980080,0
2026-10-02 23:47:00+00:00,84568.0,84568.01,84568.0,84568.01,2.65196,2026-10-02 23:47:59.999000+00:00,224270.96210740,287,0.88274000,74651.56514740,0
2026-10-02 23:48:00+00:00,84568.01,84580.01,84568.0,84575.67,24.82758,2026-10-02 23:48:59.999000+00:00,2099787.48357140,577,14.28499000,1208117.43038390,0
2026-10-02 23:49:00+00:00,84575.68,84588.64,84568.0,84580.11,35.68773,2026-10-02 23:49:59.999000+00:00,3018284.51482430,1152,26.55451000,2245830.51560160,0
2026-10-02 23:50:00+00:00,84580.11,84580.12,84580.1,84580.12,2.00659,2026-10-02 23:50:59.999000+00:00,169717.61023020,218,1.85332000,156754.01701070,0
2026-10-02 23:51:00+00:00,84580.11,84580.11,84559.41,84562.01,14.14485,2026-10-02 23:51:59.999000+00:00,1196195.75076770,915,0.55280000,46744.85303840,0
2026-10-02 23:52:00+00:00,84562.0,84562.01,84562.0,84562.0,1.49926,2026-10-02 23:52:59.999000+00:00,126780.43852950,157,1.44095000,121849.62830950,0
2026-10-02 23:53:00+00:00,84562.01,84562.01,84532.01,84538.0,23.04361,2026-10-02 23:53:59.999000+00:00,1948215.60454240,680,1.85036000,156435.00481710,0
2026-10-02 23:54:00+00:00,84538.0,84540.0,84533.92,84539.99,22.93243,2026-10-02 23:54:59.999000+00:00,1938652.26429900,587,1.84444000,155921.36088440,0
2026-10-02 23:55:00+00:00,84540.0,84540.0,84528.1,84528.1,7.23127,2026-10-02 23:55:59.999000+00:00,611271.61014630,719,3.87261000,327344.96181100,0
2026-10-02 23:56:00+00:00,84528.11,84528.11,84528.1,84528.11,1.43967,2026-10-02 23:56:59.999000+00:00,121692.57482870,148,0.51017000,43123.70587870,0
2026-10-02 23:57:00+00:00,84528.1,84528.11,84514.02,84515.74,9.97407,2026-10-02 23:57:59.999000+00:00,842998.52185620,373,0.26994000,22815.69195400,0
2026-10-02 23:58:00+00:00,84515.73,84518.01,84515.73,84518.01,5.37789,2026-10-02 23:58:59.999000+00:00,454523.65926010,272,1.97491000,166911.03906460,0
2026-10-02 23:59:00+00:00,84518.01,84518.01,84518.0,84518.01,3.026,2026-10-02 23:59:59.999000+00:00,255751.47185030,92,0.38503000,32541.96939030,0
2026-10-03 00:00:00+00:00,84518.0,84521.09,84518.0,84521.09,5.97045,2026-10-03 00:00:59.999000+00:00,504626.08175190,466,2.66895000,225579.74965310,0
2026-10-03 00:01:00+00:00,84521.08,84521.09,84500.02,84500.02,5.28761,2026-10-03 00:01:59.999000+00:00,446866.18001010,1036,0.70773000,59810.39087830,0
2026-10-03 00:02:00+00:00,84500.02,84500.03,84500.02,84500.03,1.66633,2026-10-03 00:02:59.999000+00:00,140804.92754560,228,0.92190000,77900.57765700,0
2026-10-03 00:03:00+00:00,84500.03,84500.03,84500.0,84500.01,4.81981,2026-10-03 00:03:59.999000+00:00,407273.97346230,631,0.74033000,62557.89599610,0
2026-10-03 00:04:00+00:00,84500.01,84500.01,84466.01,84475.78,7.98237,2026-10-03 00:04:59.999000+00:00,674411.09793980,1773,1.77790000,150185.78355490,0
2026-10-03 00:05:00+00:00,84475.78,84475.79,84462.0,84462.0,4.64465,2026-10-03 00:05:59.999000+00:00,392344.61990880,830,0.63669000,53784.46075250,0
2026-10-03 00:06:00+00:00,84462.01,84472.01,84461.33,84471.68,5.20403,2026-10-03 00:06:59.999000+00:00,439553.59132050,981,3.42791000,289536.34226500,0
2026-10-03 00:07:00+00:00,84471.68,84471.69,84460.1,84460.11,2.47177,2026-10-03 00:07:59.999000+00:00,208786.42228380,978,0.25955000,21922.47103810,0
2026-10-03 00:08:00+00:00,84460.1,84460.11,84458.88,84458.89,4.33266,2026-10-03 00:08:59.999000+00:00,365936.63930140,459,0.78538000,66333.17679360,0
2026-10-03 00:09:00+00:00,84458.89,84458.89,84456.67,84456.67,1.38058,2026-10-03 00:09:59.999000+00:00,116599.71299900,572,0.27756000,23442.00846140,0
2026-10-03 00:10:00+00:00,84456.67,84507.22,84456.02,84507.22,11.80085,2026-10-03 00:10:59.999000+00:00,996854.47492520,1467,9.82952000,830334.86983830,0
2026-10-03 00:11:00+00:00,84507.22,84507.22,84488.0,84488.0,4.55275,2026-10-03 00:11:59.999000+00:00,384712.24835450,2042,0.71505000,60416.11744260,0
2026-10-03 00:12:00+00:00,84488.01,84534.27,84488.0,84534.26,4.74476,2026-10-03 00:12:59.999000+00:00,400960.61613410,1099,4.27007000,360840.61682090,0
2026-10-03 00:13:00+00:00,84534.26,84534.27,84534.26,84534.26,0.41928,2026-10-03 00:13:59.999000+00:00,35443.52745320,80,0.29204000,24687.38821080,0
2026-10-03 00:14:00+00:00,84534.26,84534.26,84509.81,84519.32,28.21824,2026-10-03 00:14:59.999000+00:00,2384934.26526620,904,9.03009000,763134.77408730,0
2026-10-03 00:15:00+00:00,84519.31,84561.77,84519.31,84552.51,3.05075,2026-10-03 00:15:59.999000+00:00,257930.73031200,1071,1.48766000,125766.01496010,0
2026-10-03 00:16:00+00:00,84552.52,84556.02,84550.0,84550.01,13.92036,2026-10-03 00:16:59.999000+00:00,1177047.49432580,819,6.70955000,567330.86356020,0
2026-10-03 00:17:00+00:00,84550.01,84550.01,84531.67,84531.68,5.44958,2026-10-03 00:17:59.999000+00:00,460747.04542050,620,3.97675000,336228.82769130,0
2026-10-03 00:18:00+00:00,84531.67,84547.52,84531.67,84547.52,1.17332,2026-10-03 00:18:59.999000+00:00,99196.81703060,570,0.87969000,74371.18286720,0
2026-10-03 00:19:00+00:00,84547.52,84547.52,84536.0,84536.01,1.47494,2026-10-03 00:19:59.999000+00:00,124697.74510100,611,0.28621000,24197.93873860,0
2026-10-03 00:20:00+00:00,84536.01,84545.99,84536.0,84545.99,5.32796,2026-10-03 00:20:59.999000+00:00,450453.48974920,460,0.86587000,73201.95378550,0
2026-10-03 00:21:00+00:00,84545.99,84545.99,84540.26,84540.26,2.88498,2026-10-03 00:21:59.999000+00:00,243899.10357920,403,0.30006000,25367.39919290,0
2026-10-03 00:22:00+00:00,84540.27,84540.27,84540.26,84540.27,2.88102,2026-10-03 00:22:59.999000+00:00,243562.20682840,256,2.69632000,227947.62080640,0
2026-10-03 00:23:00+00:00,84540.27,84540.27,84540.26,84540.27,3.77247,2026-10-03 00:23:59.999000+00:00,318925.61962330,224,2.49811000,211190.89388970,0
2026-10-03 00:24:00+00:00,84540.27,84540.27,84540.26,84540.26,0.3489,2026-10-03 00:24:59.999000+00:00,29496.09921790,128,0.25039000,21168.03820530,0
2026-10-03 00:25:00+00:00,84540.27,84540.28,84540.26,84540.27,2.40564,2026-10-03 00:25:59.999000+00:00,203373.45135900,389,0.98318000,83118.30731210,0
2026-10-03 00:26:00+00:00,84540.27,84540.27,84540.26,84540.27,1.3276,2026-10-03 00:26:59.999000+00:00,112235.65665340,203,0.74774000,63214.14148980,0
2026-10-03 00:27:00+00:00,84540.27,84540.27,84532.32,84538.01,14.4313,2026-10-03 00:27:59.999000+00:00,1219999.39606320,872,2.40777000,203545.97482770,0
2026-10-03 00:28:00+00:00,84538.01,84561.96,84538.0,84561.15,7.34461,2026-10-03 00:28:59.999000+00:00,621044.28029150,1014,1.83472000,155121.87846980,0
2026-10-03 00:29:00+00:00,84561.15,84571.03,84552.04,84558.69,5.09331,2026-10-03 00:29:59.999000+00:00,430703.92193450,869,2.66312000,225188.06316280,0
2026-10-03 00:30:00+00:00,84558.68,84585.16,84558.68,84585.16,3.2257,2026-10-03 00:30:59.999000+00:00,272810.68030010,900,3.09046000,261372.86213570,0
2026-10-03 00:31:00+00:00,84585.16,84597.15,84585.15,84594.44,6.78977,2026-10-03 00:31:59.999000+00:00,574348.80996350,738,5.69770000,481965.74251310,0
2026-10-03 00:32:00+00:00,84594.44,84610.0,84594.44,84610.0,7.11276,2026-10-03 00:32:59.999000+00:00,601745.01060990,698,6.57430000,556187.10689200,0
2026-10-03 00:33:00+00:00,84610.0,84617.54,84609.99,84617.54,6.04442,2026-10-03 00:33:59.999000+00:00,511424.35381230,309,5.47976000,463647.07818890,0
2026-10-03 00:34:00+00:00,84617.53,84640.0,84617.53,84629.8,19.66816,2026-10-03 00:34:59.999000+00:00,1664503.50018170,1591,13.80207000,1168011.25045990,0
2026-10-03 00:35:00+00:00,84629.79,84629.8,84629.79,84629.8,1.19061,2026-10-03 00:35:59.999000+00:00,100761.08544160,129,1.11697000,94528.94770600,0
2026-10-03 00:36:00+00:00,84629.8,84650.0,84626.11,84649.99,7.83493,2026-10-03 00:36:59.999000+00:00,663135.43206720,723,6.44870000,545810.33335850,0
2026-10-03 00:37:00+00:00,84649.99,84650.0,84643.61,84646.34,6.07742,2026-10-03 00:37:59.999000+00:00,514444.53751900,584,2.47740000,209708.00834300,0
2026-10-03 00:38:00+00:00,84646.35,84646.35,84585.73,84605.32,19.6562,2026-10-03 00:38:59.999000+00:00,1663221.88847960,1764,10.69254000,904622.09680590,0
2026-10-03 00:39:00+00:00,84605.32,84624.63,84605.31,84624.63,2.65925,2026-10-03 00:39:59.999000+00:00,225001.04356290,479,2.48549000,210297.82472380,0
2026-10-03 00:40:00+00:00,84624.63,84624.63,84605.32,84605.33,3.01815,2026-10-03 00:40:59.999000+00:00,255386.77821330,551,0.49717000,42067.67014840,0
2026-10-03 00:41:00+00:00,84605.32,84609.24,84605.32,84606.82,1.14713,2026-10-03 00:41:59.999000+00:00,97055.92158760,324,0.76165000,64441.09866470,0
2026-10-03 00:42:00+00:00,84606.82,84614.34,84606.81,84614.33,2.14301,2026-10-03 00:42:59.999000+00:00,181315.70372240,296,1.64354000,139056.97596230,0
2026-10-03 00:43:00+00:00,84614.33,84620.0,84614.33,84620.0,3.27883,2026-10-03 00:43:59.999000+00:00,277440.83932770,523,3.21221000,271803.51828440,0
2026-10-03 00:44:00+00:00,84620.0,84631.16,84619.99,84630.9,1.88322,2026-10-03 00:44:59.999000+00:00,159367.93338470,471,1.54553000,130790.23023990,0
2026-10-03 00:45:00+00:00,84630.9,84630.91,84630.9,84630.9,0.61801,2026-10-03 00:45:59.999000+00:00,52302.74607790,82,0.35689000,30203.92546990,0
2026-10-03 00:46:00+00:00,84630.91,84630.91,84630.9,84630.91,0.78075,2026-10-03 00:46:59.999000+00:00,66075.58057700,136,0.54020000,45717.61758200,0
2026-10-03 00:47:00+00:00,84630.9,84636.93,84630.9,84636.93,2.61504,2026-10-03 00:47:59.999000+00:00,221321.75217840,281,2.04919000,173430.63053400,0
2026-10-03 00:48:00+00:00,84636.93,84636.93,84636.92,84636.92,2.56645,2026-10-03 00:48:59.999000+00:00,217216.42817030,129,0.48363000,40932.95845590,0
2026-10-03 00:49:00+00:00,84636.93,84660.0,84636.92,84660.0,6.483,2026-10-03 00:49:59.999000+00:00,548781.78167610,686,5.77810000,489111.81137560,0
2026-10-03 00:50:00+00:00,84659.99,84686.28,84659.99,84686.28,12.22231,2026-10-03 00:50:59.999000+00:00,1034783.89919420,883,11.80874000,999766.26880140,0
2026-10-03 00:51:00+00:00,84686.28,84686.28,84676.03,84676.04,4.17377,2026-10-03 00:51:59.999000+00:00,353441.06408140,726,0.65119000,55142.89026360,0
2026-10-03 00:52:00+00:00,84676.04,84676.04,84676.03,84676.04,3.15083,2026-10-03 00:52:59.999000+00:00,266799.79171120,209,1.61063000,136381.77030520,0
2026-10-03 00:53:00+00:00,84676.03,84676.04,84676.03,84676.04,2.09227,2026-10-03 00:53:59.999000+00:00,177165.13475350,189,1.74654000,147890.09090160,0
2026-10-03 00:54:00+00:00,84676.04,84676.04,84676.03,84676.04,3.89712,2026-10-03 00:54:59.999000+00:00,329992.68560790,229,3.55743000,301229.08497720,0
2026-10-03 00:55:00+00:00,84676.04,84676.04,84666.0,84666.01,2.60644,2026-10-03 00:55:59.999000+00:00,220685.75745610,503,0.75217000,63684.59942950,0
2026-10-03 00:56:00+00:00,84666.0,84666.01,84656.79,84656.8,2.96705,2026-10-03 00:56:59.999000+00:00,251189.41354730,567,0.90982000,77022.45356050,0
2026-10-03 00:57:00+00:00,84656.79,84656.8,84656.79,84656.8,1.46102,2026-10-03 00:57:59.999000+00:00,123685.26649330,228,0.31675000,26815.04140000,0
2026-10-03 00:58:00+00:00,84656.8,84656.8,84656.79,84656.79,4.86763,2026-10-03 00:58:59.999000+00:00,412077.97269480,179,4.19871000,355449.35272800,0
2026-10-03 00:59:00+00:00,84656.8,84660.11,84656.79,84660.11,6.23191,2026-10-03 00:59:59.999000+00:00,527574.32771340,368,4.87581000,412771.25479440,0
2026-10-03 01:00:00+00:00,84660.11,84660.11,84646.0,84646.0,8.24452,2026-10-03 01:00:59.999000+00:00,697894.77641920,616,0.37142000,31441.07494420,0
2026-10-03 01:01:00+00:00,84646.0,84646.01,84640.28,84640.28,1.26882,2026-10-03 01:01:59.999000+00:00,107397.96063780,217,0.31165000,26378.33365130,0
2026-10-03 01:02:00+00:00,84640.29,84640.29,84640.28,84640.29,2.49331,2026-10-03 01:02:59.999000+00:00,211034.47220790,129,1.56811000,132725.28515190,0
2026-10-03 01:03:00+00:00,84640.29,84640.29,84631.72,84631.72,1.81008,2026-10-03 01:03:59.999000+00:00,153196.80160160,704,0.22760000,19263.40248960,0
2026-10-03 01:04:00+00:00,84631.73,84665.85,84631.72,84652.01,14.6576,2026-10-03 01:04:59.999000+00:00,1240679.80277140,1292,12.81571000,1084744.03743080,0
2026-10-03 01:05:00+00:00,84652.01,84652.01,84641.6,84650.32,6.64422,2026-10-03 01:05:59.999000+00:00,562435.87865810,557,5.73448000,485426.53784710,0
2026-10-03 01:06:00+00:00,84650.32,84663.94,84650.32,84663.94,1.93893,2026-10-03 01:06:59.999000+00:00,164138.82052790,414,1.34593000,113938.33423640,0
2026-10-03 01:07:00+00:00,84663.94,84663.94,84663.93,84663.94,1.35359,2026-10-03 01:07:59.999000+00:00,114600.25640590,96,0.73972000,62627.60969680,0
2026-10-03 01:08:00+00:00,84663.93,84683.91,84663.93,84683.91,2.48776,2026-10-03 01:08:59.999000+00:00,210638.17929390,662,2.36567000,200300.82752360,0
2026-10-03 01:09:00+00:00,84683.9,84683.91,84683.9,84683.9,0.39764,2026-10-03 01:09:59.999000+00:00,33673.70933230,83,0.33363000,28253.09289330,0
2026-10-03 01:10:00+00:00,84683.9,84683.91,84683.9,84683.91,1.44132,2026-10-03 01:10:59.999000+00:00,122056.60857140,131,0.98234000,83188.39214940,0
2026-10-03 01:11:00+00:00,84683.9,84688.91,84673.05,84673.05,7.61231,2026-10-03 01:11:59.999000+00:00,644656.69098910,1293,2.95546000,250284.63036180,0
2026-10-03 01:12:00+00:00,84673.06,84673.06,84673.05,84673.05,0.57524,2026-10-03 01:12:59.999000+00:00,48707.32954310,89,0.42611000,36080.03759660,0
2026-10-03 01:13:00+00:00,84673.05,84676.37,84669.28,84669.29,3.39277,2026-10-03 01:13:59.999000+00:00,287281.48664770,641,0.98214000,83162.28636280,0
2026-10-03 01:14:00+00:00,84669.28,84669.29,84639.99,84651.8,16.6581,2026-10-03 01:14:59.999000+00:00,1410078.05827660,910,1.77749000,150450.11065060,0
2026-10-03 01:15:00+00:00,84651.79,84678.74,84651.79,84678.74,2.76928,2026-10-03 01:15:59.999000+00:00,234470.71361440,617,2.54580000,215549.76283180,0
2026-10-03 01:16:00+00:00,84678.74,84706.21,84678.74,84698.89,7.93666,2026-10-03 01:16:59.999000+00:00,672220.86983780,1285,3.46901000,293787.20621270,0
2026-10-03 01:17:00+00:00,84698.89,84720.58,84636.0,84636.41,31.87712,2026-10-03 01:17:59.999000+00:00,2700011.18641050,2362,3.94382000,334070.39940280,0
2026-10-03 01:18:00+00:00,84636.4,84636.4,84635.0,84635.01,2.20343,2026-10-03 01:18:59.999000+00:00,186488.80573820,221,0.88862000,75208.36258620,0
2026-10-03 01:19:00+00:00,84635.01,84635.01,84635.0,84635.0,0.77927,2026-10-03 01:19:59.999000+00:00,65953.52102380,135,0.45738000,38710.36087380,0
2026-10-03 01:20:00+00:00,84635.01,84635.01,84625.23,84625.24,2.06503,2026-10-03 01:20:59.999000+00:00,174768.78283780,765,0.44031000,37263.07682350,0
2026-10-03 01:21:00+00:00,84625.23,84625.24,84612.61,84612.61,1.20345,2026-10-03 01:21:59.999000+00:00,101837.38852700,426,0.37553000,31778.58675740,0
2026-10-03 01:22:00+00:00,84612.62,84612.62,84608.19,84608.19,1.71377,2026-10-03 01:22:59.999000+00:00,145000.64420440,361,0.99092000,83840.16272040,0
2026-10-03 01:23:00+00:00,84608.19,84612.73,84608.19,84612.73,4.05622,2026-10-03 01:23:59.999000+00:00,343189.83665550,409,2.82961000,239408.57570490,0
2026-10-03 01:24:00+00:00,84612.73,84634.56,84612.73,84619.24,5.40845,2026-10-03 01:24:59.999000+00:00,457682.39662310,1194,4.15720000,351791.29451160,0
2026-10-03 01:25:00+00:00,84619.23,84619.24,84619.23,84619.23,0.53159,2026-10-03 01:25:59.999000+00:00,44982.73829210,100,0.18164000,15370.23875360,0
2026-10-03 01:26:00+00:00,84619.24,84619.24,84619.23,84619.23,0.62436,2026-10-03 01:26:59.999000+00:00,52832.86718380,91,0.47410000,40117.98168400,0
2026-10-03 01:27:00+00:00,84619.24,84619.24,84613.23,84613.24,3.75221,2026-10-03 01:27:59.999000+00:00,317505.11822910,406,1.49025000,126102.09489000,0
2026-10-03 01:28:00+00:00,84613.24,84614.6,84613.23,84614.59,3.10352,2026-10-03 01:28:59.999000+00:00,262599.51439270,264,3.06857000,259642.23711060,0
2026-10-03 01:29:00+00:00,84614.59,84614.6,84614.59,84614.59,1.19711,2026-10-03 01:29:59.999000+00:00,101292.97954370,114,0.77088000,65227.70284800,0
2026-10-03 01:30:00+00:00,84614.6,84620.01,84614.6,84620.01,2.24964,2026-10-03 01:30:59.999000+00:00,190357.26812390,355,2.19764000,185957.09628540,0
2026-10-03 01:31:00+00:00,84620.01,84649.12,84620.0,84649.12,3.03225,2026-10-03 01:31:59.999000+00:00,256625.98880650,679,2.97430000,251722.03247430,0
2026-10-03 01:32:00+00:00,84649.11,84669.73,84649.11,84656.66,3.9995,2026-10-03 01:32:59.999000+00:00,338604.94299950,1170,2.13214000,180503.37881170,0
2026-10-03 01:33:00+00:00,84656.66,84656.66,84636.66,84636.67,1.02087,2026-10-03 01:33:59.999000+00:00,86416.34697180,474,0.28332000,23982.14420860,0
2026-10-03 01:34:00+00:00,84636.67,84636.67,84636.66,84636.67,1.4011,2026-10-03 01:34:59.999000+00:00,118584.42807410,103,0.37481000,31722.67028270,0
2026-10-03 01:35:00+00:00,84636.67,84647.13,84636.66,84647.13,3.29357,2026-10-03 01:35:59.999000+00:00,278771.76174500,454,2.92546000,247612.88482230,0
2026-10-03 01:36:00+00:00,84647.13,84652.14,84647.12,84647.12,3.97028,2026-10-03 01:36:59.999000+00:00,336086.32436000,559,2.20526000,186674.86430450,0
2026-10-03 01:37:00+00:00,84647.13,84649.49,84647.13,84649.49,5.47862,2026-10-03 01:37:59.999000+00:00,463750.49517110,243,5.39443000,456623.85544990,0
2026-10-03 01:38:00+00:00,84649.49,84649.49,84629.99,84629.99,9.28127,2026-10-03 01:38:59.999000+00:00,785602.75437460,331,0.57196000,48415.94883940,0
2026-10-03 01:39:00+00:00,84630.0,84649.33,84629.99,84649.32,20.61236,2026-10-03 01:39:59.999000+00:00,1744433.15809910,589,13.22562000,1119292.77859810,0
2026-10-03 01:40:00+00:00,84649.33,84649.33,84644.0,84644.0,1.68783,2026-10-03 01:40:59.999000+00:00,142872.45870460,226,0.41734000,35327.51956860,0
2026-10-03 01:41:00+00:00,84644.01,84644.01,84622.85,84622.85,1.91172,2026-10-03 01:41:59.999000+00:00,161807.14316630,461,1.19657000,101279.85008220,0
2026-10-03 01:42:00+00:00,84622.86,84635.9,84622.85,84635.89,1.6467,2026-10-03 01:42:59.999000+00:00,139354.97711910,373,1.55166000,131311.37447350,0
2026-10-03 01:43:00+00:00,84635.9,84635.9,84627.16,84627.17,3.45078,2026-10-03 01:43:59.999000+00:00,292047.37631860,354,1.21714000,103005.73911110,0
2026-10-03 01:44:00+00:00,84627.17,84627.17,84627.16,84627.16,0.54383,2026-10-03 01:44:59.999000+00:00,46022.79187240,124,0.34496000,29192.98856320,0
2026-10-03 01:45:00+00:00,84627.17,84627.17,84627.16,84627.16,0.64479,2026-10-03 01:45:59.999000+00:00,54566.74975080,88,0.32544000,27541.06620480,0
2026-10-03 01:46:00+00:00,84627.17,84648.83,84627.16,84648.82,1.96836,2026-10-03 01:46:59.999000+00:00,166585.28096240,771,1.86145000,157536.95759340,0
2026-10-03 01:47:00+00:00,84648.82,84648.83,84648.82,84648.82,2.74524,2026-10-03 01:47:59.999000+00:00,232381.35227510,150,2.56583000,217194.50747890,0
2026-10-03 01:48:00+00:00,84648.83,84648.83,84648.82,84648.83,0.77244,2026-10-03 01:48:59.999000+00:00,65386.14058350,108,0.60627000,51320.04616410,0
2026-10-03 01:49:00+00:00,84648.83,84648.83,84642.19,84642.19,0.61088,2026-10-03 01:49:59.999000+00:00,51708.01896950,225,0.19791000,16751.86114710,0
2026-10-03 01:50:00+00:00,84642.19,84642.2,84642.19,84642.19,0.74029,2026-10-03 01:50:59.999000+00:00,62659.77130190,164,0.44668000,37807.97789600,0
2026-10-03 01:51:00+00:00,84642.19,84642.2,84625.21,84625.22,2.74879,2026-10-03 01:51:59.999000+00:00,232647.59833010,437,0.13690000,11585.91340420,0
2026-10-03 01:52:00+00:00,84625.21,84625.22,84617.11,84617.11,1.33042,2026-10-03 01:52:59.999000+00:00,112585.08803390,284,0.49796000,42139.58558920,0
2026-10-03 01:53:00+00:00,84617.11,84617.12,84613.98,84613.98,0.57638,2026-10-03 01:53:59.999000+00:00,48771.10472170,179,0.24221000,20495.00515100,0
2026-10-03 01:54:00+00:00,84613.99,84613.99,84613.98,84613.99,0.85433,2026-10-03 01:54:59.999000+00:00,72288.26446430,129,0.29309000,24799.51432910,0
2026-10-03 01:55:00+00:00,84613.99,84613.99,84613.98,84613.99,0.54313,2026-10-03 01:55:59.999000+00:00,45956.39568340,100,0.47260000,39988.57167400,0
2026-10-03 01:56:00+00:00,84613.98,84613.99,84613.98,84613.99,1.19992,2026-10-03 01:56:59.999000+00:00,101530.00964400,132,0.27624000,23373.76859760,0
2026-10-03 01:57:00+00:00,84613.99,84613.99,84613.98,84613.98,1.94047,2026-10-03 01:57:59.999000+00:00,164190.90354010,121,1.37695000,116509.23353050,0
2026-10-03 01:58:00+00:00,84613.99,84640.01,84613.98,84640.0,17.89694,2026-10-03 01:58:59.999000+00:00,1514589.13022240,658,17.81832000,1507936.50694560,0
2026-10-03 01:59:00+00:00,84640.0,84640.01,84640.0,84640.0,0.40263,2026-10-03 01:59:59.999000+00:00,34078.60671180,93,0.35118000,29723.87871180,0
2026-10-03 02:00:00+00:00,84640.01,84640.01,84640.0,84640.01,3.77728,2026-10-03 02:00:59.999000+00:00,319709.01373560,178,3.45356000,292309.35293560,0
2026-10-03 02:01:00+00:00,84640.01,84640.01,84640.0,84640.01,0.82368,2026-10-03 02:01:59.999000+00:00,69716.27691370,106,0.17137000,14504.75851370,0
2026-10-03 02:02:00+00:00,84640.01,84640.01,84640.0,84640.01,2.5247,2026-10-03 02:02:59.999000+00:00,213690.62241670,173,1.44167000,122022.96321670,0
2026-10-03 02:03:00+00:00,84640.01,84640.01,84640.0,84640.0,0.7505,2026-10-03 02:03:59.999000+00:00,63522.32488920,157,0.48892000,41382.19368920,0
2026-10-03 02:04:00+00:00,84640.0,84640.01,84640.0,84640.0,0.49613,2026-10-03 02:04:59.999000+00:00,41992.44638760,124,0.31876000,26979.84958760,0
2026-10-03 02:05:00+00:00,84640.0,84640.01,84640.0,84640.01,0.63927,2026-10-03 02:05:59.999000+00:00,54107.81802440,87,0.52244000,44219.32682440,0
2026-10-03 02:06:00+00:00,84640.01,84640.01,84614.0,84614.01,8.97548,2026-10-03 02:06:59.999000+00:00,759663.54787570,977,0.24681000,20887.01530810,0
2026-10-03 02:07:00+00:00,84614.0,84614.01,84612.0,84612.0,3.50503,2026-10-03 02:07:59.999000+00:00,296568.58626230,273,0.19956000,16885.34829560,0
2026-10-03 02:08:00+00:00,84612.01,84612.01,84605.32,84605.32,4.99696,2026-10-03 02:08:59.999000+00:00,422788.70410880,232,1.67112000,141385.94506760,0
2026-10-03 02:09:00+00:00,84605.33,84605.33,84605.32,84605.32,1.62333,2026-10-03 02:09:59.999000+00:00,137342.36674620,97,1.26306000,106861.60810980,0
2026-10-03 02:10:00+00:00,84605.32,84605.33,84605.32,84605.32,1.0606,2026-10-03 02:10:59.999000+00:00,89732.40556120,97,0.31692000,26813.12118360,0
2026-10-03 02:11:00+00:00,84605.32,84605.33,84605.32,84605.32,3.48287,2026-10-03 02:11:59.999000+00:00,294669.33249510,184,0.16267000,13762.74903110,0
2026-10-03 02:12:00+00:00,84605.32,84612.01,84605.32,84612.0,2.32226,2026-10-03 02:12:59.999000+00:00,196479.19492660,339,1.90910000,161521.18831340,0
2026-10-03 02:13:00+00:00,84612.01,84612.01,84612.0,84612.01,0.76472,2026-10-03 02:13:59.999000+00:00,64704.49371740,85,0.50774000,42960.90195740,0
2026-10-03 02:14:00+00:00,84612.01,84614.0,84612.0,84614.0,4.92101,2026-10-03 02:14:59.999000+00:00,416376.87111780,204,3.52228000,298027.51347260,0
2026-10-03 02:15:00+00:00,84614.0,84627.17,84613.99,84627.16,5.81604,2026-10-03 02:15:59.999000+00:00,492123.43708880,460,5.70163000,482442.47576670,0
2026-10-03 02:16:00+00:00,84627.17,84627.17,84627.16,84627.17,1.92923,2026-10-03 02:16:59.999000+00:00,163265.25983710,148,0.39503000,33430.27096510,0
2026-10-03 02:17:00+00:00,84627.16,84646.56,84627.16,84646.56,2.62786,2026-10-03 02:17:59.999000+00:00,222404.88656030,623,2.15704000,182558.22951220,0
2026-10-03 02:18:00+00:00,84646.56,84658.71,84646.55,84658.71,1.29478,2026-10-03 02:18:59.999000+00:00,109606.20847570,380,1.21727000,103044.99583320,0
2026-10-03 02:19:00+00:00,84658.71,84668.0,84658.7,84668.0,1.9889,2026-10-03 02:19:59.999000+00:00,168388.54450040,329,0.91083000,77112.82362990,0
2026-10-03 02:20:00+00:00,84667.99,84669.06,84667.99,84669.05,2.39092,2026-10-03 02:20:59.999000+00:00,202434.92003620,210,2.30802000,195415.87857060,0
2026-10-03 02:21:00+00:00,84669.05,84680.51,84669.05,84680.51,1.63114,2026-10-03 02:21:59.999000+00:00,138121.26366760,290,1.48728000,125939.12808260,0
2026-10-03 02:22:00+00:00,84680.5,84680.52,84680.5,84680.52,5.94742,2026-10-03 02:22:59.999000+00:00,503630.57112900,179,5.41463000,458513.64222300,0
2026-10-03 02:23:00+00:00,84680.51,84680.52,84654.01,84654.01,5.76056,2026-10-03 02:23:59.999000+00:00,487775.70873650,1116,0.41139000,34835.08998610,0
2026-10-03 02:24:00+00:00,84654.01,84654.02,84641.59,84641.6,2.46802,2026-10-03 02:24:59.999000+00:00,208918.64586150,463,0.33566000,28414.11278640,0
2026-10-03 02:25:00+00:00,84641.6,84641.6,84641.59,84641.59,1.67644,2026-10-03 02:25:59.999000+00:00,141896.55036860,95,0.32290000,27330.77264000,0
2026-10-03 02:26:00+00:00,84641.59,84656.01,84641.59,84656.01,15.73392,2026-10-03 02:26:59.999000+00:00,1331845.12877410,496,14.71060000,1245219.04228540,0
2026-10-03 02:27:00+00:00,84656.01,84656.01,84656.0,84656.01,0.73039,2026-10-03 02:27:59.999000+00:00,61831.89965120,77,0.38112000,32264.09853120,0
2026-10-03 02:28:00+00:00,84656.0,84656.01,84656.0,84656.01,1.79963,2026-10-03 02:28:59.999000+00:00,152349.49263250,136,1.53525000,129968.13935250,0
2026-10-03 02:29:00+00:00,84656.01,84656.01,84641.51,84641.51,10.80769,2026-10-03 02:29:59.999000+00:00,914889.65062490,488,0.39008000,33022.50205470,0
2026-10-03 02:30:00+00:00,84641.52,84641.52,84641.51,84641.52,0.66338,2026-10-03 02:30:59.999000+00:00,56149.49005650,110,0.51527000,43613.23601040,0
2026-10-03 02:31:00+00:00,84641.51,84641.52,84641.51,84641.52,0.8291,2026-10-03 02:31:59.999000+00:00,70176.28313480,79,0.71938000,60889.41665760,0
2026-10-03 02:32:00+00:00,84641.52,84650.01,84641.51,84650.01,3.12473,2026-10-03 02:32:59.999000+00:00,264492.61864370,321,2.98796000,252915.50606470,0
2026-10-03 02:33:00+00:00,84650.01,84659.25,84650.0,84659.24,1.21418,2026-10-03 02:33:59.999000+00:00,102787.58291200,255,0.86165000,72942.68930920,0
2026-10-03 02:34:00+00:00,84659.25,84659.25,84659.24,84659.25,2.64755,2026-10-03 02:34:59.999000+00:00,224139.59039260,197,1.95306000,165344.59480500,0
2026-10-03 02:35:00+00:00,84659.25,84659.26,84659.24,84659.25,9.35383,2026-10-03 02:35:59.999000+00:00,791888.23337930,393,8.21600000,695560.41025280,0
2026-10-03 02:36:00+00:00,84659.26,84663.22,84659.25,84663.22,4.61176,2026-10-03 02:36:59.999000+00:00,390429.93918420,584,4.42478000,374600.28618030,0
2026-10-03 02:37:00+00:00,84663.21,84663.22,84663.21,84663.21,13.02893,2026-10-03 02:37:59.999000+00:00,1103071.16559740,336,12.89321000,1091580.67473620,0
2026-10-03 02:38:00+00:00,84663.22,84663.22,84663.21,84663.22,1.75957,2026-10-03 02:38:59.999000+00:00,148970.84996000,78,0.55403000,46905.96377660,0
2026-10-03 02:39:00+00:00,84663.21,84663.22,84663.21,84663.21,1.19366,2026-10-03 02:39:59.999000+00:00,101059.09714230,114,0.98937000,83763.24997140,0
2026-10-03 02:40:00+00:00,84663.21,84663.22,84663.21,84663.22,1.33748,2026-10-03 02:40:59.999000+00:00,113235.36035680,96,1.02460000,86745.93521200,0
2026-10-03 02:41:00+00:00,84663.21,84665.78,84663.21,84665.78,1.82023,2026-10-03 02:41:59.999000+00:00,154106.89759560,284,1.74992000,148154.22627740,0
2026-10-03 02:42:00+00:00,84665.78,84701.38,84665.77,84699.99,4.5643,2026-10-03 02:42:59.999000+00:00,386528.21644810,740,3.58584000,303660.31899370,0
2026-10-03 02:43:00+00:00,84699.99,84700.0,84684.0,84684.0,6.21193,2026-10-03 02:43:59.999000+00:00,526122.76145410,1142,0.82843000,70162.08377690,0
2026-10-03 02:44:00+00:00,84684.01,84684.01,84679.03,84679.04,2.77414,2026-10-03 02:44:59.999000+00:00,234917.67638580,914,0.61212000,51834.24832780,0
2026-10-03 02:45:00+00:00,84679.03,84679.04,84673.63,84673.65,1.88595,2026-10-03 02:45:59.999000+00:00,159692.38685250,667,0.91755000,77692.36885640,0
2026-10-03 02:46:00+00:00,84673.66,84673.66,84650.0,84650.0,17.01016,2026-10-03 02:46:59.999000+00:00,1440205.17279950,897,0.40249000,34076.75498640,0
2026-10-03 02:47:00+00:00,84650.01,84650.01,84650.0,84650.01,0.8458,2026-10-03 02:47:59.999000+00:00,71596.97373350,110,0.37335000,31604.08123350,0
2026-10-03 02:48:00+00:00,84650.0,84650.01,84650.0,84650.0,1.66792,2026-10-03 02:48:59.999000+00:00,141189.43129240,164,0.32924000,27870.16929240,0
2026-10-03 02:49:00+00:00,84650.0,84650.01,84650.0,84650.0,1.20249,2026-10-03 02:49:59.999000+00:00,101790.78520520,118,0.67052000,56759.52470520,0
2026-10-03 02:50:00+00:00,84650.01,84653.84,84650.0,84650.0,9.85548,2026-10-03 02:50:59.999000+00:00,834284.70651840,671,5.58496000,472769.17553690,0
2026-10-03 02:51:00+00:00,84650.0,84650.01,84623.41,84644.85,11.67549,2026-10-03 02:51:59.999000+00:00,988171.47270320,1443,4.63325000,392093.66599950,0
2026-10-03 02:52:00+00:00,84644.86,84644.86,84633.23,84634.6,4.19065,2026-10-03 02:52:59.999000+00:00,354678.00810590,576,1.92459000,162885.10609210,0
2026-10-03 02:53:00+00:00,84634.6,84634.6,84634.59,84634.59,0.73004,2026-10-03 02:53:59.999000+00:00,61786.64265850,149,0.65749000,55646.40315400,0
2026-10-03 02:54:00+00:00,84634.59,84634.6,84634.59,84634.59,6.51858,2026-10-03 02:54:59.999000+00:00,551697.36928860,145,2.36064000,199791.82214400,0
2026-10-03 02:55:00+00:00,84634.6,84634.6,84634.59,84634.6,0.6591,2026-10-03 02:55:59.999000+00:00,55782.66265850,106,0.43895000,37150.35767000,0
2026-10-03 02:56:00+00:00,84634.6,84634.6,84613.99,84614.0,3.44584,2026-10-03 02:56:59.999000+00:00,291600.57341370,837,0.38414000,32506.25150970,0
2026-10-03 02:57:00+00:00,84613.99,84614.0,84604.0,84604.01,3.79096,2026-10-03 02:57:59.999000+00:00,320752.22549430,347,0.28243000,23896.33558070,0
2026-10-03 02:58:00+00:00,84604.0,84604.01,84600.0,84600.01,0.96905,2026-10-03 02:58:59.999000+00:00,81983.10119860,238,0.44978000,38051.85303040,0
2026-10-03 02:59:00+00:00,84600.0,84600.01,84600.0,84600.0,0.38852,2026-10-03 02:59:59.999000+00:00,32868.79425720,87,0.22572000,19095.91425720,0
2026-10-03 03:00:00+00:00,84600.01,84600.01,84600.0,84600.0,0.64445,2026-10-03 03:00:59.999000+00:00,54520.47528050,161,0.52805000,44673.03528050,0
2026-10-03 03:01:00+00:00,84600.01,84600.01,84600.0,84600.01,3.43565,2026-10-03 03:01:59.999000+00:00,290655.99354070,173,0.35407000,29954.32554070,0
2026-10-03 03:02:00+00:00,84600.01,84614.01,84600.0,84614.0,6.41603,2026-10-03 03:02:59.999000+00:00,542813.65038980,772,5.68490000,480959.73267870,0
2026-10-03 03:03:00+00:00,84614.01,84614.01,84614.0,84614.01,0.73122,2026-10-03 03:03:59.999000+00:00,61871.45421790,104,0.51379000,43473.83219790,0
2026-10-03 03:04:00+00:00,84614.01,84614.01,84599.95,84599.95,10.73163,2026-10-03 03:04:59.999000+00:00,907965.40422780,386,0.54900000,46452.44322300,0
2026-10-03 03:05:00+00:00,84599.96,84599.96,84564.05,84584.81,11.46365,2026-10-03 03:05:59.999000+00:00,969564.78558790,1802,4.20279000,355431.08924860,0
2026-10-03 03:06:00+00:00,84584.82,84584.82,84584.81,84584.82,0.87108,2026-10-03 03:06:59.999000+00:00,73680.14270430,94,0.64095000,54214.64037900,0
2026-10-03 03:07:00+00:00,84584.82,84584.82,84584.81,84584.81,1.13705,2026-10-03 03:07:59.999000+00:00,96177.16680220,92,0.85917000,72672.73979940,0
2026-10-03 03:08:00+00:00,84584.82,84584.82,84569.37,84570.56,5.05032,2026-10-03 03:08:59.999000+00:00,427149.16883200,627,0.41367000,34987.34291920,0
2026-10-03 03:09:00+00:00,84570.56,84570.56,84570.55,84570.56,3.12221,2026-10-03 03:09:59.999000+00:00,264047.03905530,229,2.21398000,187237.52842880,0
2026-10-03 03:10:00+00:00,84570.55,84570.56,84558.0,84558.01,5.38257,2026-10-03 03:10:59.999000+00:00,455187.41643760,523,0.60402000,51079.61441320,0
2026-10-03 03:11:00+00:00,84558.01,84558.01,84532.77,84532.78,7.78203,2026-10-03 03:11:59.999000+00:00,657930.72422370,955,0.45707000,38646.30590720,0
2026-10-03 03:12:00+00:00,84532.78,84532.78,84522.63,84522.64,1.19357,2026-10-03 03:12:59.999000+00:00,100892.81350520,347,0.64184000,54254.94386060,0
2026-10-03 03:13:00+00:00,84522.64,84532.64,84522.63,84532.64,4.33631,2026-10-03 03:13:59.999000+00:00,366541.76905350,676,3.96030000,334756.85995760,0
2026-10-03 03:14:00+00:00,84532.64,84532.64,84532.63,84532.64,0.64942,2026-10-03 03:14:59.999000+00:00,54897.18435690,133,0.37823000,31972.78042720,0
2026-10-03 03:15:00+00:00,84532.64,84580.81,84532.63,84580.81,6.97857,2026-10-03 03:15:59.999000+00:00,590027.63790330,891,6.86512000,580437.31044180,0
2026-10-03 03:16:00+00:00,84580.81,84603.11,84580.81,84603.11,2.10955,2026-10-03 03:16:59.999000+00:00,178451.03556300,570,1.80272000,152495.35635580,0
2026-10-03 03:17:00+00:00,84603.11,84603.11,84603.1,84603.11,0.76632,2026-10-03 03:17:59.999000+00:00,64833.05312130,113,0.55293000,46779.59761230,0
2026-10-03 03:18:00+00:00,84603.11,84603.11,84603.1,84603.1,0.47859,2026-10-03 03:18:59.999000+00:00,40490.20141240,133,0.37834000,32008.74063740,0
2026-10-03 03:19:00+00:00,84603.11,84603.11,84589.97,84589.97,6.78352,2026-10-03 03:19:59.999000+00:00,573848.27115850,969,1.05047000,88862.27385540,0
2026-10-03 03:20:00+00:00,84589.97,84589.98,84588.7,84588.7,1.18228,2026-10-03 03:20:59.999000+00:00,100008.17155340,285,0.38594000,32646.35309720,0
2026-10-03 03:21:00+00:00,84588.7,84588.71,84588.7,84588.71,0.51852,2026-10-03 03:21:59.999000+00:00,43860.93614500,151,0.34210000,28937.79769100,0
2026-10-03 03:22:00+00:00,84588.7,84588.7,84570.81,84570.82,5.18578,2026-10-03 03:22:59.999000+00:00,438600.86453870,818,1.24890000,105626.21532530,0
2026-10-03 03:23:00+00:00,84570.82,84570.82,84570.81,84570.81,0.74671,2026-10-03 03:23:59.999000+00:00,63149.87287430,98,0.33392000,28239.88821440,0
2026-10-03 03:24:00+00:00,84570.82,84578.7,84570.81,84578.69,4.53388,2026-10-03 03:24:59.999000+00:00,383436.38651630,429,4.17326000,352938.43272490,0
2026-10-03 03:25:00+00:00,84578.7,84578.7,84578.69,84578.69,2.5151,2026-10-03 03:25:59.999000+00:00,212723.88351130,184,2.02923000,171629.63540100,0
2026-10-03 03:26:00+00:00,84578.7,84599.99,84578.69,84599.98,9.07568,2026-10-03 03:26:59.999000+00:00,767629.46282350,605,9.00779000,761886.94825140,0
2026-10-03 03:27:00+00:00,84599.99,84599.99,84594.0,84594.01,2.9369,2026-10-03 03:27:59.999000+00:00,248460.72136650,305,0.25535000,21602.27400170,0
2026-10-03 03:28:00+00:00,84594.0,84594.01,84594.0,84594.01,0.48375,2026-10-03 03:28:59.999000+00:00,40922.35127750,108,0.37775000,31955.38727750,0
2026-10-03 03:29:00+00:00,84594.0,84594.01,84594.0,84594.01,0.81011,2026-10-03 03:29:59.999000+00:00,68530.45172800,90,0.63880000,54038.65358800,0
2026-10-03 03:30:00+00:00,84594.01,84595.37,84594.0,84595.36,1.12332,2026-10-03 03:30:59.999000+00:00,95026.21714070,237,0.77517000,65574.74453190,0
2026-10-03 03:31:00+00:00,84595.36,84599.44,84595.36,84599.43,3.91287,2026-10-03 03:31:59.999000+00:00,331014.92260580,196,3.62303000,306495.22308140,0
2026-10-03 03:32:00+00:00,84599.44,84599.44,84599.43,84599.44,0.37635,2026-10-03 03:32:59.999000+00:00,31838.99899440,129,0.35139000,29727.39722160,0
2026-10-03 03:33:00+00:00,84599.43,84609.28,84599.43,84609.28,1.83185,2026-10-03 03:33:59.999000+00:00,154982.58317230,485,1.62425000,137417.75553310,0
2026-10-03 03:34:00+00:00,84609.27,84616.01,84609.27,84616.01,3.05724,2026-10-03 03:34:59.999000+00:00,258673.32034870,254,2.75503000,233102.37821000,0
2026-10-03 03:35:00+00:00,84616.01,84616.01,84616.0,84616.01,1.00481,2026-10-03 03:35:59.999000+00:00,85023.00760530,120,0.46453000,39306.67512530,0
2026-10-03 03:36:00+00:00,84616.01,84616.01,84616.0,84616.0,0.79823,2026-10-03 03:36:59.999000+00:00,67543.03731550,96,0.76355000,64608.55443550,0
2026-10-03 03:37:00+00:00,84616.01,84616.01,84616.0,84616.01,0.80222,2026-10-03 03:37:59.999000+00:00,67880.65405070,111,0.65307000,55260.17765070,0
2026-10-03 03:38:00+00:00,84616.01,84616.01,84616.0,84616.0,1.24923,2026-10-03 03:38:59.999000+00:00,105704.85308180,116,0.74018000,62631.07828180,0
2026-10-03 03:39:00+00:00,84616.01,84625.79,84616.0,84625.78,5.74235,2026-10-03 03:39:59.999000+00:00,485911.51622730,265,3.53515000,299143.91162270,0
2026-10-03 03:40:00+00:00,84625.78,84625.8,84625.78,84625.79,9.11558,2026-10-03 03:40:59.999000+00:00,771413.14620940,185,7.62749000,645482.36859080,0
2026-10-03 03:41:00+00:00,84625.8,84625.8,84625.79,84625.79,1.32546,2026-10-03 03:41:59.999000+00:00,112168.10333850,84,0.37251000,31523.95675800,0
2026-10-03 03:42:00+00:00,84625.8,84640.01,84625.79,84640.01,4.9468,2026-10-03 03:42:59.999000+00:00,418654.19087450,445,4.60305000,389560.66846520,0
2026-10-03 03:43:00+00:00,84640.01,84655.11,84640.0,84655.1,7.49478,2026-10-03 03:43:59.999000+00:00,634449.75172700,306,6.97359000,590329.76018280,0
2026-10-03 03:44:00+00:00,84655.1,84655.4,84655.1,84655.4,2.12943,2026-10-03 03:44:59.999000+00:00,180267.11712420,190,0.44733000,37868.77336490,0
2026-10-03 03:45:00+00:00,84655.39,84655.4,84655.39,84655.4,0.36058,2026-10-03 03:45:59.999000+00:00,30525.04353460,105,0.30084000,25467.73053600,0
2026-10-03 03:46:00+00:00,84655.39,84655.4,84655.39,84655.39,1.59521,2026-10-03 03:46:59.999000+00:00,135043.13188190,163,0.72000000,60951.88800000,0
2026-10-03 03:47:00+00:00,84655.39,84663.56,84655.39,84663.55,2.68666,2026-10-03 03:47:59.999000+00:00,227454.32086990,387,1.96052000,165977.53007370,0
2026-10-03 03:48:00+00:00,84663.56,84669.05,84663.55,84664.01,16.61711,2026-10-03 03:48:59.999000+00:00,1406948.91615250,806,2.03784000,172538.61666530,0
2026-10-03 03:49:00+00:00,84664.0,84664.01,84664.0,84664.01,6.78752,2026-10-03 03:49:59.999000+00:00,574658.65363050,199,6.03505000,510951.53355050,0
2026-10-03 03:50:00+00:00,84664.01,84664.01,84664.0,84664.0,1.45141,2026-10-03 03:50:59.999000+00:00,122882.18118110,149,0.49411000,41833.33398110,0
2026-10-03 03:51:00+00:00,84664.01,84664.01,84664.0,84664.0,2.83047,2026-10-03 03:51:59.999000+00:00,239638.93637230,129,2.42923000,205668.35301230,0
2026-10-03 03:52:00+00:00,84664.0,84664.01,84664.0,84664.01,3.66987,2026-10-03 03:52:59.999000+00:00,310705.89821610,166,2.45361000,207732.46157610,0
2026-10-03 03:53:00+00:00,84664.01,84664.02,84664.01,84664.02,3.59278,2026-10-03 03:53:59.999000+00:00,304179.16485520,242,3.47284000,294024.56349580,0
2026-10-03 03:54:00+00:00,84664.02,84664.02,84664.01,84664.02,0.69641,2026-10-03 03:54:59.999000+00:00,58960.86894290,198,0.57388000,48586.98779760,0
2026-10-03 03:55:00+00:00,84664.01,84669.05,84664.01,84669.04,2.81088,2026-10-03 03:55:59.999000+00:00,237982.23695770,359,2.71923000,230222.71173140,0
2026-10-03 03:56:00+00:00,84669.05,84670.0,84669.04,84669.99,0.70024,2026-10-03 03:56:59.999000+00:00,59288.66307330,198,0.65606000,55547.98103860,0
2026-10-03 03:57:00+00:00,84670.0,84698.73,84669.99,84698.72,8.3669,2026-10-03 03:57:59.999000+00:00,708589.25588360,859,8.27788000,701050.00231280,0
2026-10-03 03:58:00+00:00,84698.72,84698.73,84698.72,84698.72,4.5313,2026-10-03 03:58:59.999000+00:00,383795.35332560,111,4.33896000,367504.40152080,0
2026-10-03 03:59:00+00:00,84698.72,84699.56,84698.72,84699.56,1.17012,2026-10-03 03:59:59.999000+00:00,99107.83686100,238,1.01710000,86147.22973770,0
2026-10-03 04:00:00+00:00,84699.56,84699.56,84699.55,84699.55,3.37294,2026-10-03 04:00:59.999000+00:00,285686.51570820,307,1.55312000,131548.58062720,0
2026-10-03 04:01:00+00:00,84699.56,84699.56,84699.55,84699.56,1.22325,2026-10-03 04:01:59.999000+00:00,103608.73117290,176,0.66354000,56201.54604240,0
2026-10-03 04:02:00+00:00,84699.56,84711.33,84699.55,84711.32,1.57196,2026-10-03 04:02:59.999000+00:00,133148.12960950,466,1.46174000,123812.21426530,0
2026-10-03 04:03:00+00:00,84711.32,84722.01,84711.32,84722.01,1.66422,2026-10-03 04:03:59.999000+00:00,140980.89215370,447,1.51432000,128282.62327530,0
2026-10-03 04:04:00+00:00,84722.01,84725.04,84722.0,84725.04,2.29341,2026-10-03 04:04:59.999000+00:00,194307.28565070,312,1.17676000,99700.25511710,0
2026-10-03 04:05:00+00:00,84725.03,84725.04,84706.92,84706.92,7.66435,2026-10-03 04:05:59.999000+00:00,649321.73415040,1047,2.18256000,184907.74290880,0
2026-10-03 04:06:00+00:00,84706.92,84706.92,84700.92,84700.92,1.70397,2026-10-03 04:06:59.999000+00:00,144329.06436550,401,0.58830000,49829.82804210,0
2026-10-03 04:07:00+00:00,84700.93,84700.93,84700.92,84700.93,0.70994,2026-10-03 04:07:59.999000+00:00,60132.57596040,140,0.48156000,40788.57985080,0
2026-10-03 04:08:00+00:00,84700.92,84700.93,84672.01,84672.01,3.48045,2026-10-03 04:08:59.999000+00:00,294760.03697450,1057,0.43135000,36527.22610300,0
2026-10-03 04:09:00+00:00,84672.02,84672.02,84664.0,84664.0,1.17249,2026-10-03 04:09:59.999000+00:00,99273.23460720,302,0.25706000,21765.21089890,0
2026-10-03 04:10:00+00:00,84664.01,84664.01,84664.0,84664.01,0.49133,2026-10-03 04:10:59.999000+00:00,41597.96703160,118,0.39116000,33117.17415160,0
2026-10-03 04:11:00+00:00,84664.0,84664.01,84664.0,84664.01,0.71107,2026-10-03 04:11:59.999000+00:00,60202.03461640,108,0.41364000,35020.42109640,0
2026-10-03 04:12:00+00:00,84664.01,84664.01,84664.0,84664.01,0.55833,2026-10-03 04:12:59.999000+00:00,47270.45499460,110,0.38746000,32803.91731460,0
2026-10-03 04:13:00+00:00,84664.01,84664.01,84663.63,84663.64,1.1836,2026-10-03 04:13:59.999000+00:00,100207.94338090,186,0.93783000,79400.10920830,0
2026-10-03 04:14:00+00:00,84663.63,84663.64,84663.63,84663.64,0.5229,2026-10-03 04:14:59.999000+00:00,44270.61641710,85,0.42901000,36321.54819640,0
2026-10-03 04:15:00+00:00,84663.63,84663.64,84653.84,84653.85,1.49097,2026-10-03 04:15:59.999000+00:00,126225.23957430,286,0.50609000,42845.36495890,0
2026-10-03 04:16:00+00:00,84653.85,84653.85,84609.22,84609.22,4.9078,2026-10-03 04:16:59.999000+00:00,415296.52042940,1052,0.29291000,24785.00081690,0
2026-10-03 04:17:00+00:00,84609.23,84609.23,84597.41,84609.07,8.01919,2026-10-03 04:17:59.999000+00:00,678444.30780260,733,3.50047000,296136.68870230,0
2026-10-03 04:18:00+00:00,84609.07,84609.07,84609.06,84609.06,1.11503,2026-10-03 04:18:59.999000+00:00,94341.64954040,177,0.93686000,79266.85332020,0
2026-10-03 04:19:00+00:00,84609.07,84609.07,84600.0,84600.01,4.03674,2026-10-03 04:19:59.999000+00:00,341523.06335860,507,0.37996000,32146.25772640,0
2026-10-03 04:20:00+00:00,84600.0,84600.0,84591.44,84591.44,2.45061,2026-10-03 04:20:59.999000+00:00,207308.97902730,362,0.57093000,48297.06267570,0
2026-10-03 04:21:00+00:00,84591.45,84591.45,84591.43,84591.44,1.52588,2026-10-03 04:21:59.999000+00:00,129076.38916100,270,0.85354000,72202.18378430,0
2026-10-03 04:22:00+00:00,84591.43,84591.44,84578.76,84578.77,1.70992,2026-10-03 04:22:59.999000+00:00,144636.55963670,379,0.39598000,33493.92713440,0
2026-10-03 04:23:00+00:00,84578.77,84578.77,84578.76,84578.76,0.49115,2026-10-03 04:23:59.999000+00:00,41540.86082690,138,0.28529000,24129.47729330,0
2026-10-03 04:24:00+00:00,84578.77,84591.44,84578.76,84591.44,6.30859,2026-10-03 04:24:59.999000+00:00,533592.23193260,947,6.14760000,519973.99255240,0
2026-10-03 04:25:00+00:00,84591.43,84591.44,84576.0,84576.0,2.17721,2026-10-03 04:25:59.999000+00:00,184159.79857900,565,0.36332000,30731.45153870,0
2026-10-03 04:26:00+00:00,84576.01,84576.01,84576.0,84576.0,0.71146,2026-10-03 04:26:59.999000+00:00,60172.44662900,137,0.56690000,47946.14006900,0
2026-10-03 04:27:00+00:00,84576.0,84576.01,84544.01,84544.02,4.39589,2026-10-03 04:27:59.999000+00:00,371705.68113550,610,0.37919000,32064.24382240,0
2026-10-03 04:28:00+00:00,84544.01,84544.02,84544.01,84544.02,0.65723,2026-10-03 04:28:59.999000+00:00,55564.86337570,110,0.36834000,31140.94432680,0
2026-10-03 04:29:00+00:00,84544.02,84544.02,84527.99,84528.0,6.48352,2026-10-03 04:29:59.999000+00:00,548074.99620720,434,0.98731000,83456.28666560,0
2026-10-03 04:30:00+00:00,84528.0,84536.59,84527.99,84536.59,12.94117,2026-10-03 04:30:59.999000+00:00,1093978.57541150,325,3.06378000,258979.21123880,0
2026-10-03 04:31:00+00:00,84536.59,84544.02,84536.58,84544.02,2.19835,2026-10-03 04:31:59.999000+00:00,185844.08161500,381,2.09848000,177401.22197360,0
2026-10-03 04:32:00+00:00,84544.02,84559.87,84544.01,84559.86,3.6563,2026-10-03 04:32:59.999000+00:00,309158.31124210,627,2.05184000,173486.90842000,0
2026-10-03 04:33:00+00:00,84559.86,84559.87,84558.0,84558.0,4.83164,2026-10-03 04:33:59.999000+00:00,408555.56628630,274,3.80731000,321939.03563110,0
2026-10-03 04:34:00+00:00,84558.01,84558.01,84538.38,84538.38,2.18517,2026-10-03 04:34:59.999000+00:00,184757.10779100,488,0.32230000,27248.41926730,0
2026-10-03 04:35:00+00:00,84538.38,84538.39,84538.38,84538.39,0.72421,2026-10-03 04:35:59.999000+00:00,61223.54491550,87,0.47357000,40034.84535230,0
2026-10-03 04:36:00+00:00,84538.39,84538.39,84536.0,84536.01,2.84007,2026-10-03 04:36:59.999000+00:00,240093.29195150,210,0.56616000,47860.95083280,0
2026-10-03 04:37:00+00:00,84536.01,84536.01,84536.0,84536.01,0.42773,2026-10-03 04:37:59.999000+00:00,36158.58735030,79,0.40703000,34408.69215030,0
2026-10-03 04:38:00+00:00,84536.01,84536.01,84536.0,84536.01,1.86291,2026-10-03 04:38:59.999000+00:00,157482.97233960,144,1.25796000,106342.91913960,0
2026-10-03 04:39:00+00:00,84536.01,84554.01,84536.0,84554.01,3.74391,2026-10-03 04:39:59.999000+00:00,316531.15788450,728,2.53874000,214630.27427730,0
2026-10-03 04:40:00+00:00,84554.01,84554.01,84554.0,84554.0,0.8677,2026-10-03 04:40:59.999000+00:00,73367.51007780,175,0.42778000,36170.51439780,0
2026-10-03 04:41:00+00:00,84554.01,84554.01,84549.26,84549.27,2.48396,2026-10-03 04:41:59.999000+00:00,210023.98705390,326,0.39535000,33426.66921870,0
2026-10-03 04:42:00+00:00,84549.27,84549.27,84525.0,84525.0,4.71123,2026-10-03 04:42:59.999000+00:00,398270.49213470,403,0.62493000,52826.54812480,0
2026-10-03 04:43:00+00:00,84525.0,84534.01,84525.0,84534.0,2.49933,2026-10-03 04:43:59.999000+00:00,211262.98265440,616,2.12831000,179900.29232440,0
2026-10-03 04:44:00+00:00,84534.01,84550.01,84534.0,84550.01,1.80691,2026-10-03 04:44:59.999000+00:00,152759.23544730,760,1.51321000,127929.86861030,0
2026-10-03 04:45:00+00:00,84550.01,84562.01,84550.0,84562.01,2.66653,2026-10-03 04:45:59.999000+00:00,225480.78904100,430,1.85472000,156832.73756110,0
2026-10-03 04:46:00+00:00,84562.01,84569.98,84562.0,84569.97,1.44487,2026-10-03 04:46:59.999000+00:00,122186.06049550,301,1.22143000,103291.20447970,0
2026-10-03 04:47:00+00:00,84569.98,84587.31,84569.98,84587.31,1.70348,2026-10-03 04:47:59.999000+00:00,144075.47534520,799,1.65928000,140337.17784760,0
2026-10-03 04:48:00+00:00,84587.3,84595.01,84587.3,84595.0,1.00805,2026-10-03 04:48:59.999000+00:00,85274.20829510,518,0.73923000,62533.47368470,0
2026-10-03 04:49:00+00:00,84595.0,84606.33,84595.0,84606.33,1.60519,2026-10-03 04:49:59.999000+00:00,135796.15534900,316,1.35515000,114643.27165670,0
2026-10-03 04:50:00+00:00,84606.33,84606.33,84586.02,84586.02,3.73604,2026-10-03 04:50:59.999000+00:00,316069.29068020,774,0.47676000,40329.21072220,0
2026-10-03 04:51:00+00:00,84586.03,84586.03,84576.0,84576.01,2.0334,2026-10-03 04:51:59.999000+00:00,171986.69421310,451,0.44911000,37985.60970750,0
2026-10-03 04:52:00+00:00,84576.0,84588.01,84576.0,84588.0,1.57646,2026-10-03 04:52:59.999000+00:00,133334.70358450,372,1.40429000,118772.67039350,0
2026-10-03 04:53:00+00:00,84588.01,84588.01,84588.0,84588.01,0.51543,2026-10-03 04:53:59.999000+00:00,43599.19673300,108,0.38930000,32930.11229300,0
2026-10-03 04:54:00+00:00,84588.0,84588.01,84587.3,84587.31,0.74329,2026-10-03 04:54:59.999000+00:00,62873.11470340,205,0.50646000,42840.22048960,0
2026-10-03 04:55:00+00:00,84587.3,84587.3,84587.28,84587.29,4.01255,2026-10-03 04:55:59.999000+00:00,339410.76033040,222,0.48812000,41288.74799480,0
2026-10-03 04:56:00+00:00,84587.28,84587.29,84587.28,84587.29,0.47355,2026-10-03 04:56:59.999000+00:00,40056.30948290,114,0.30389000,25705.23155810,0
2026-10-03 04:57:00+00:00,84587.28,84587.29,84574.52,84574.53,4.60729,2026-10-03 04:57:59.999000+00:00,389695.52987180,412,0.31017000,26235.95166930,0
2026-10-03 04:58:00+00:00,84574.52,84577.24,84574.52,84577.24,2.85667,2026-10-03 04:58:59.999000+00:00,241602.22144840,277,2.65176000,224271.89455140,0
2026-10-03 04:59:00+00:00,84577.24,84577.24,84577.23,84577.23,0.60662,2026-10-03 04:59:59.999000+00:00,51306.24214130,101,0.28787000,24347.25007880,0
2026-10-03 05:00:00+00:00,84577.23,84577.24,84574.55,84574.56,4.13036,2026-10-03 05:00:59.999000+00:00,349333.61397040,265,0.29335000,24810.59755840,0
2026-10-03 05:01:00+00:00,84574.55,84574.56,84557.55,84557.56,2.82024,2026-10-03 05:01:59.999000+00:00,238497.68711080,660,1.34372000,113632.02147890,0
2026-10-03 05:02:00+00:00,84557.55,84557.56,84557.55,84557.55,0.94297,2026-10-03 05:02:59.999000+00:00,79735.23479170,161,0.18682000,15797.04335920,0
2026-10-03 05:03:00+00:00,84557.56,84557.56,84553.14,84553.14,1.50136,2026-10-03 05:03:59.999000+00:00,126950.92055460,388,0.28571000,24158.94007070,0
2026-10-03 05:04:00+00:00,84553.15,84562.01,84553.14,84562.01,5.33155,2026-10-03 05:04:59.999000+00:00,450815.25029580,405,4.91306000,415427.12245360,0
2026-10-03 05:05:00+00:00,84562.0,84572.53,84562.0,84572.53,1.86345,2026-10-03 05:05:59.999000+00:00,157591.10980410,262,1.35505000,114594.47998090,0
2026-10-03 05:06:00+00:00,84572.52,84572.53,84568.87,84568.88,1.12938,2026-10-03 05:06:59.999000+00:00,95513.69486300,291,0.46428000,39264.87210190,0
2026-10-03 05:07:00+00:00,84568.87,84568.88,84564.97,84564.97,0.70478,2026-10-03 05:07:59.999000+00:00,59600.63833400,180,0.32838000,27769.73107740,0
2026-10-03 05:08:00+00:00,84564.98,84564.98,84564.97,84564.98,1.37928,2026-10-03 05:08:59.999000+00:00,116638.78230110,132,1.04795000,88619.87079100,0
2026-10-03 05:09:00+00:00,84564.98,84576.41,84564.97,84576.41,3.03858,2026-10-03 05:09:59.999000+00:00,256980.46317960,489,2.89928000,245199.58765100,0
2026-10-03 05:10:00+00:00,84576.41,84584.01,84572.01,84572.02,3.98188,2026-10-03 05:10:59.999000+00:00,336782.23138930,757,1.91161000,161680.03153310,0
2026-10-03 05:11:00+00:00,84572.02,84572.02,84572.01,84572.01,0.74882,2026-10-03 05:11:59.999000+00:00,63329.21784010,114,0.53119000,44923.81130380,0
2026-10-03 05:12:00+00:00,84572.02,84572.02,84570.19,84570.2,1.79451,2026-10-03 05:12:59.999000+00:00,151763.92775280,316,0.54384000,45993.31471540,0
2026-10-03 05:13:00+00:00,84570.19,84570.2,84570.19,84570.19,1.0671,2026-10-03 05:13:59.999000+00:00,90244.85481860,138,0.50696000,42873.70859200,0
2026-10-03 05:14:00+00:00,84570.19,84570.2,84570.19,84570.19,1.2692,2026-10-03 05:14:59.999000+00:00,107336.49178730,201,0.66393000,56148.69288600,0
2026-10-03 05:15:00+00:00,84570.2,84570.2,84570.19,84570.2,2.35294,2026-10-03 05:15:59.999000+00:00,198988.59939600,126,1.65374000,139857.12254800,0
2026-10-03 05:16:00+00:00,84570.2,84570.2,84570.19,84570.2,0.98278,2026-10-03 05:16:59.999000+00:00,83113.89649990,133,0.51717000,43737.17033400,0
2026-10-03 05:17:00+00:00,84570.2,84579.59,84570.19,84578.02,4.50072,2026-10-03 05:17:59.999000+00:00,380633.24751840,549,3.64371000,308154.51512010,0
2026-10-03 05:18:00+00:00,84578.02,84583.99,84578.01,84583.99,4.61042,2026-10-03 05:18:59.999000+00:00,389944.47303590,338,4.20698000,355821.94706420,0
2026-10-03 05:19:00+00:00,84583.99,84587.3,84583.98,84587.3,2.31958,2026-10-03 05:19:59.999000+00:00,196203.66956780,256,2.09324000,177058.71274360,0
2026-10-03 05:20:00+00:00,84587.3,84587.3,84587.29,84587.3,2.51018,2026-10-03 05:20:59.999000+00:00,212329.34652950,152,2.29173000,193851.25302900,0
2026-10-03 05:21:00+00:00,84587.29,84587.3,84587.29,84587.3,1.82104,2026-10-03 05:21:59.999000+00:00,154036.85628770,119,1.77061000,149771.11925300,0
2026-10-03 05:22:00+00:00,84587.3,84610.13,84587.29,84610.13,7.55445,2026-10-03 05:22:59.999000+00:00,639060.14068300,796,7.21625000,610447.48808520,0
2026-10-03 05:23:00+00:00,84610.12,84610.13,84610.12,84610.13,0.90926,2026-10-03 05:23:59.999000+00:00,76932.60536150,152,0.76503000,64729.28775390,0
2026-10-03 05:24:00+00:00,84610.12,84610.13,84610.12,84610.13,0.67145,2026-10-03 05:24:59.999000+00:00,56811.47048600,205,0.54120000,45791.00235600,0
2026-10-03 05:25:00+00:00,84610.13,84610.13,84610.12,84610.12,1.10526,2026-10-03 05:25:59.999000+00:00,93516.18944950,111,0.82183000,69535.14313790,0
2026-10-03 05:26:00+00:00,84610.12,84610.13,84610.12,84610.13,1.16548,2026-10-03 05:26:59.999000+00:00,98611.40920520,230,0.65476000,55399.32871880,0
2026-10-03 05:27:00+00:00,84610.12,84619.64,84610.12,84619.64,2.19777,2026-10-03 05:27:59.999000+00:00,185963.38191780,360,2.04625000,173142.03669340,0
2026-10-03 05:28:00+00:00,84619.64,84619.64,84619.63,84619.64,0.93672,2026-10-03 05:28:59.999000+00:00,79264.90466670,178,0.48531000,41066.75748840,0
2026-10-03 05:29:00+00:00,84619.63,84619.64,84619.63,84619.63,1.60684,2026-10-03 05:29:59.999000+00:00,135970.21841600,161,1.21468000,102785.78431520,0
2026-10-03 05:30:00+00:00,84619.64,84625.28,84619.63,84625.27,0.82095,2026-10-03 05:30:59.999000+00:00,69470.40556150,479,0.60623000,51300.36507680,0
2026-10-03 05:31:00+00:00,84625.28,84634.4,84625.27,84634.4,1.70922,2026-10-03 05:31:59.999000+00:00,144657.62539760,315,0.60525000,51223.80133490,0
2026-10-03 05:32:00+00:00,84634.4,84634.41,84634.39,84634.41,1.51004,2026-10-03 05:32:59.999000+00:00,127801.32134100,234,0.63843000,54033.14056450,0
2026-10-03 05:33:00+00:00,84634.41,84637.51,84634.4,84637.51,1.06072,2026-10-03 05:33:59.999000+00:00,89774.19797660,247,1.02523000,86770.48994860,0
2026-10-03 05:34:00+00:00,84637.51,84637.51,84637.5,84637.51,1.37213,2026-10-03 05:34:59.999000+00:00,116133.66627330,174,1.33983000,113399.87502330,0
2026-10-03 05:35:00+00:00,84637.51,84637.51,84637.43,84637.44,3.78573,2026-10-03 05:35:59.999000+00:00,320414.65167920,622,1.24860000,105678.32238760,0
2026-10-03 05:36:00+00:00,84637.44,84637.44,84637.43,84637.43,0.70066,2026-10-03 05:36:59.999000+00:00,59302.06469100,131,0.29872000,25282.89607680,0
2026-10-03 05:37:00+00:00,84637.43,84637.44,84637.43,84637.44,0.64615,2026-10-03 05:37:59.999000+00:00,54688.47973250,113,0.43380000,36715.72147200,0
2026-10-03 05:38:00+00:00,84637.44,84637.44,84637.43,84637.44,0.71668,2026-10-03 05:38:59.999000+00:00,60657.95884770,155,0.55153000,46680.08728320,0
2026-10-03 05:39:00+00:00,84637.44,84637.44,84637.43,84637.44,0.48908,2026-10-03 05:39:59.999000+00:00,41394.47596160,111,0.16972000,14364.66631680,0
2026-10-03 05:40:00+00:00,84637.44,84637.44,84637.43,84637.43,0.84182,2026-10-03 05:40:59.999000+00:00,71249.48406330,139,0.27407000,23196.58318080,0
2026-10-03 05:41:00+00:00,84637.44,84637.44,84637.43,84637.43,1.27932,2026-10-03 05:41:59.999000+00:00,108278.35957440,126,0.26268000,22232.56273920,0
2026-10-03 05:42:00+00:00,84637.44,84637.44,84637.43,84637.44,1.22165,2026-10-03 05:42:59.999000+00:00,103397.32133710,181,0.49776000,42129.13213440,0
2026-10-03 05:43:00+00:00,84637.44,84637.44,84637.43,84637.43,0.34862,2026-10-03 05:43:59.999000+00:00,29506.30335030,56,0.25037000,21190.67585280,0
2026-10-03 05:44:00+00:00,84637.44,84637.44,84637.43,84637.43,1.43864,2026-10-03 05:44:59.999000+00:00,121762.80439250,90,1.20973000,102388.45029120,0
2026-10-03 05:45:00+00:00,84637.44,84637.44,84637.43,84637.44,0.73548,2026-10-03 05:45:59.999000+00:00,62249.14099110,121,0.39747000,33640.84327680,0
2026-10-03 05:46:00+00:00,84637.43,84637.44,84637.43,84637.44,0.52654,2026-10-03 05:46:59.999000+00:00,44564.99696070,70,0.45685000,38666.61446400,0
2026-10-03 05:47:00+00:00,84637.44,84648.01,84637.43,84648.01,2.6091,2026-10-03 05:47:59.999000+00:00,220839.58919970,1189,2.44107000,206616.77566050,0
2026-10-03 05:48:00+00:00,84648.01,84654.01,84648.0,84651.47,1.61797,2026-10-03 05:48:59.999000+00:00,136964.60500630,610,0.88581000,74984.99198730,0
2026-10-03 05:49:00+00:00,84651.47,84651.47,84651.46,84651.47,0.60113,2026-10-03 05:49:59.999000+00:00,50886.53551160,134,0.33618000,28458.13118460,0
2026-10-03 05:50:00+00:00,84651.46,84651.47,84650.0,84650.0,1.9365,2026-10-03 05:50:59.999000+00:00,163926.88687910,724,0.51919000,43950.04830030,0
2026-10-03 05:51:00+00:00,84650.0,84650.0,84646.9,84646.91,1.1108,2026-10-03 05:51:59.999000+00:00,94026.45485040,264,0.34430000,29143.93111300,0
2026-10-03 05:52:00+00:00,84646.9,84646.91,84638.38,84638.39,1.66238,2026-10-03 05:52:59.999000+00:00,140710.59308950,347,0.48216000,40810.92950400,0
2026-10-03 05:53:00+00:00,84638.38,84638.39,84628.64,84628.65,2.55127,2026-10-03 05:53:59.999000+00:00,215926.02763680,504,0.23584000,19960.28326800,0
2026-10-03 05:54:00+00:00,84628.65,84652.01,84627.02,84652.01,35.9535,2026-10-03 05:54:59.999000+00:00,3043032.36948560,749,33.62947000,2846320.90504380,0
2026-10-03 05:55:00+00:00,84652.0,84652.01,84652.0,84652.0,0.85926,2026-10-03 05:55:59.999000+00:00,72738.08404600,91,0.65260000,55243.90172600,0
2026-10-03 05:56:00+00:00,84652.01,84652.01,84652.0,84652.01,1.0052,2026-10-03 05:56:59.999000+00:00,85092.19938990,128,0.89899000,76101.31046990,0
2026-10-03 05:57:00+00:00,84652.01,84652.01,84647.96,84647.96,2.13854,2026-10-03 05:57:59.999000+00:00,181028.21709360,568,0.25751000,21798.43290350,0
2026-10-03 05:58:00+00:00,84647.97,84647.97,84640.84,84640.84,1.75649,2026-10-03 05:58:59.999000+00:00,148676.51632800,488,0.42074000,35613.09414940,0
2026-10-03 05:59:00+00:00,84640.85,84652.1,84636.48,84652.09,7.98705,2026-10-03 05:59:59.999000+00:00,676055.21197000,766,6.27595000,531229.49058570,0
2026-10-03 06:00:00+00:00,84652.09,84659.23,84652.09,84659.23,1.23959,2026-10-03 06:00:59.999000+00:00,104934.43428880,319,0.99377000,84125.19820340,0
2026-10-03 06:01:00+00:00,84659.23,84674.01,84659.22,84674.0,2.09151,2026-10-03 06:01:59.999000+00:00,177078.77037640,502,1.85524000,157074.49111400,0
2026-10-03 06:02:00+00:00,84674.01,84674.01,84673.78,84673.78,1.73604,2026-10-03 06:02:59.999000+00:00,146997.33156900,324,0.24014000,20333.60988860,0
2026-10-03 06:03:00+00:00,84673.78,84673.78,84668.15,84670.07,1.70059,2026-10-03 06:03:59.999000+00:00,143987.34664060,405,1.32419000,112117.53686560,0
2026-10-03 06:04:00+00:00,84670.06,84670.07,84649.17,84649.96,12.76635,2026-10-03 06:04:59.999000+00:00,1080832.21509470,967,0.41475000,35113.20297840,0
2026-10-03 06:05:00+00:00,84649.95,84649.96,84638.01,84638.02,1.66829,2026-10-03 06:05:59.999000+00:00,141206.76239120,738,0.43367000,36705.94973180,0
2026-10-03 06:06:00+00:00,84638.02,84644.01,84638.01,84644.0,1.36553,2026-10-03 06:06:59.999000+00:00,115579.48559150,315,1.02875000,87074.03761160,0
2026-10-03 06:07:00+00:00,84644.0,84644.01,84644.0,84644.0,0.71396,2026-10-03 06:07:59.999000+00:00,60432.43467850,66,0.44385000,37569.24383850,0
2026-10-03 06:08:00+00:00,84644.01,84656.0,84644.01,84655.99,1.50837,2026-10-03 06:08:59.999000+00:00,127686.27029120,401,1.34463000,113824.71608450,0
2026-10-03 06:09:00+00:00,84655.99,84672.37,84649.8,84649.8,8.95561,2026-10-03 06:09:59.999000+00:00,758185.22553600,1529,2.80922000,237832.25610300,0
2026-10-03 06:10:00+00:00,84649.81,84649.81,84649.8,84649.8,1.1324,2026-10-03 06:10:59.999000+00:00,95857.43672470,95,0.32047000,27127.72461070,0
2026-10-03 06:11:00+00:00,84649.8,84655.52,84649.8,84655.52,1.55384,2026-10-03 06:11:59.999000+00:00,131534.08650640,391,0.87117000,73745.30336190,0
2026-10-03 06:12:00+00:00,84655.52,84656.01,84633.69,84638.01,14.79037,2026-10-03 06:12:59.999000+00:00,1251989.69986540,910,0.76717000,64932.63542940,0
2026-10-03 06:13:00+00:00,84638.0,84644.01,84630.01,84630.01,6.67452,2026-10-03 06:13:59.999000+00:00,564936.48629920,980,1.89277000,160204.46836510,0
2026-10-03 06:14:00+00:00,84630.01,84630.01,84628.37,84628.37,7.88457,2026-10-03 06:14:59.999000+00:00,667269.80574490,357,1.10295000,93342.50343030,0
2026-10-03 06:15:00+00:00,84628.37,84634.77,84628.37,84634.77,2.21485,2026-10-03 06:15:59.999000+00:00,187442.52083990,327,1.92205000,162663.33410390,0
2026-10-03 06:16:00+00:00,84634.77,84634.77,84634.76,84634.76,0.62866,2026-10-03 06:16:59.999000+00:00,53206.49230980,109,0.40882000,34600.38667140,0
2026-10-03 06:17:00+00:00,84634.77,84641.43,84634.76,84641.42,3.2342,2026-10-03 06:17:59.999000+00:00,273731.53638690,237,3.08354000,260979.46497810,0
2026-10-03 06:18:00+00:00,84641.43,84655.17,84641.42,84655.17,2.42596,2026-10-03 06:18:59.999000+00:00,205348.09707570,421,2.17421000,184039.48797710,0
2026-10-03 06:19:00+00:00,84655.17,84655.17,84655.16,84655.17,1.60187,2026-10-03 06:19:59.999000+00:00,135606.57476990,142,1.36207000,115306.26740190,0
2026-10-03 06:20:00+00:00,84655.16,84655.17,84655.16,84655.17,0.43639,2026-10-03 06:20:59.999000+00:00,36942.66794610,91,0.26737000,22634.25280290,0
2026-10-03 06:21:00+00:00,84655.16,84655.17,84655.16,84655.16,0.8994,2026-10-03 06:21:59.999000+00:00,76138.85780070,85,0.68967000,58384.13109390,0
2026-10-03 06:22:00+00:00,84655.17,84660.0,84645.55,84645.56,7.307,2026-10-03 06:22:59.999000+00:00,618555.37403720,998,1.65921000,140448.21372710,0
2026-10-03 06:23:00+00:00,84645.56,84645.56,84645.55,84645.55,0.70722,2026-10-03 06:23:59.999000+00:00,59863.03019470,91,0.43237000,36598.20077720,0
2026-10-03 06:24:00+00:00,84645.56,84645.56,84645.55,84645.55,0.72263,2026-10-03 06:24:59.999000+00:00,61167.41851890,107,0.47224000,39973.01925440,0
2026-10-03 06:25:00+00:00,84645.55,84645.56,84645.55,84645.56,0.61744,2026-10-03 06:25:59.999000+00:00,52263.55140070,106,0.30087000,25467.30963720,0
2026-10-03 06:26:00+00:00,84645.56,84664.61,84645.56,84664.6,4.123,2026-10-03 06:26:59.999000+00:00,349021.57634380,1666,3.84954000,325870.09525530,0
2026-10-03 06:27:00+00:00,84664.61,84666.01,84664.61,84666.01,1.48708,2026-10-03 06:27:59.999000+00:00,125904.16293720,661,1.23662000,104698.89553470,0
2026-10-03 06:28:00+00:00,84666.01,84668.03,84649.54,84649.55,4.20932,2026-10-03 06:28:59.999000+00:00,356371.97457820,717,0.88328000,74778.21723620,0
2026-10-03 06:29:00+00:00,84649.54,84649.55,84649.54,84649.55,1.22819,2026-10-03 06:29:59.999000+00:00,103965.72854120,102,1.00086000,84722.34861300,0
2026-10-03 06:30:00+00:00,84649.55,84654.43,84649.54,84654.43,4.12796,2026-10-03 06:30:59.999000+00:00,349436.33355710,782,2.48321000,210206.97152360,0
2026-10-03 06:31:00+00:00,84654.43,84658.01,84652.01,84652.01,3.69439,2026-10-03 06:31:59.999000+00:00,312747.53339690,915,0.56656000,47962.01853420,0
2026-10-03 06:32:00+00:00,84652.02,84660.56,84652.01,84660.55,2.84156,2026-10-03 06:32:59.999000+00:00,240551.37966570,634,2.33113000,197341.59338510,0
2026-10-03 06:33:00+00:00,84660.55,84662.78,84660.55,84661.36,2.59787,2026-10-03 06:33:59.999000+00:00,219941.14937850,491,2.15808000,182707.45596770,0
2026-10-03 06:34:00+00:00,84661.35,84661.35,84652.01,84652.02,2.32617,2026-10-03 06:34:59.999000+00:00,196924.99193280,462,0.37510000,31753.48800090,0
2026-10-03 06:35:00+00:00,84652.02,84656.27,84652.01,84656.26,3.43579,2026-10-03 06:35:59.999000+00:00,290847.38390290,533,2.64921000,224261.52295460,0
2026-10-03 06:36:00+00:00,84656.26,84656.26,84628.0,84638.22,6.93697,2026-10-03 06:36:59.999000+00:00,587127.91118820,1007,3.23718000,273962.07551890,0
2026-10-03 06:37:00+00:00,84638.22,84656.58,84638.22,84656.57,6.35044,2026-10-03 06:37:59.999000+00:00,537557.31416320,1064,6.25163000,529193.54349780,0
2026-10-03 06:38:00+00:00,84656.58,84664.0,84652.0,84652.01,5.08467,2026-10-03 06:38:59.999000+00:00,430466.87778890,1171,2.41763000,204678.55821200,0
2026-10-03 06:39:00+00:00,84652.01,84658.01,84652.0,84658.01,4.1265,2026-10-03 06:39:59.999000+00:00,349327.23905810,930,3.87982000,328444.54902220,0
2026-10-03 06:40:00+00:00,84658.01,84659.39,84658.01,84659.38,2.69076,2026-10-03 06:40:59.999000+00:00,227797.47631780,599,2.01554000,170633.77536530,0
2026-10-03 06:41:00+00:00,84659.39,84659.39,84659.38,84659.39,1.14921,2026-10-03 06:41:59.999000+00:00,97291.40978690,106,0.36971000,31299.42307690,0
2026-10-03 06:42:00+00:00,84659.39,84659.39,84648.21,84648.21,5.41076,2026-10-03 06:42:59.999000+00:00,458053.02541870,602,1.98973000,168441.50687850,0
2026-10-03 06:43:00+00:00,84648.21,84648.22,84626.37,84626.38,9.08626,2026-10-03 06:43:59.999000+00:00,769075.71163050,693,2.26356000,191592.13635310,0
2026-10-03 06:44:00+00:00,84626.37,84660.01,84626.37,84652.82,51.20624,2026-10-03 06:44:59.999000+00:00,4334351.47913240,814,45.80832000,3877366.10988010,0
2026-10-03 06:45:00+00:00,84652.82,84652.83,84643.22,84644.0,2.84498,2026-10-03 06:45:59.999000+00:00,240821.82041670,361,0.50639000,42863.30531620,0
2026-10-03 06:46:00+00:00,84644.01,84644.01,84628.36,84628.37,5.4271,2026-10-03 06:46:59.999000+00:00,459321.42271470,929,0.58378000,49406.29206450,0
2026-10-03 06:47:00+00:00,84628.37,84632.01,84628.37,84632.01,1.32671,2026-10-03 06:47:59.999000+00:00,112279.07779350,347,1.10815000,93782.46017800,0
2026-10-03 06:48:00+00:00,84632.01,84632.01,84632.0,84632.0,0.6199,2026-10-03 06:48:59.999000+00:00,52463.38062850,121,0.38285000,32401.36502850,0
2026-10-03 06:49:00+00:00,84632.0,84632.01,84568.53,84568.54,11.98523,2026-10-03 06:49:59.999000+00:00,1013875.78652890,700,0.31264000,26447.35711260,0
2026-10-03 06:50:00+00:00,84568.53,84568.54,84550.0,84557.84,10.08965,2026-10-03 06:50:59.999000+00:00,853144.32594130,791,4.35201000,367970.94418830,0
2026-10-03 06:51:00+00:00,84557.85,84558.69,84557.84,84558.69,1.61565,2026-10-03 06:51:59.999000+00:00,136616.12705180,322,0.80219000,67831.63447020,0
2026-10-03 06:52:00+00:00,84558.69,84592.01,84558.68,84592.0,2.58534,2026-10-03 06:52:59.999000+00:00,218645.50467530,1251,2.28378000,193141.07613450,0
2026-10-03 06:53:00+00:00,84592.01,84601.53,84588.0,84591.99,3.90314,2026-10-03 06:53:59.999000+00:00,330179.76144970,890,0.77716000,65741.84896120,0
2026-10-03 06:54:00+00:00,84592.0,84592.0,84585.97,84585.97,4.74311,2026-10-03 06:54:59.999000+00:00,401213.54222980,419,0.67417000,57027.32849930,0
2026-10-03 06:55:00+00:00,84585.98,84585.98,84585.97,84585.98,0.79173,2026-10-03 06:55:59.999000+00:00,66969.25338440,117,0.33563000,28389.59246740,0
2026-10-03 06:56:00+00:00,84585.98,84585.98,84573.47,84573.48,2.27707,2026-10-03 06:56:59.999000+00:00,192596.78689390,471,0.40397000,34167.87717830,0
2026-10-03 06:57:00+00:00,84573.47,84573.48,84573.47,84573.48,1.06542,2026-10-03 06:57:59.999000+00:00,90106.27050710,158,0.40997000,34672.58959560,0
2026-10-03 06:58:00+00:00,84573.48,84573.48,84573.47,84573.48,0.45036,2026-10-03 06:58:59.999000+00:00,38088.51142760,115,0.34784000,29418.03928320,0
2026-10-03 06:59:00+00:00,84573.48,84586.0,84570.01,84586.0,13.89522,2026-10-03 06:59:59.999000+00:00,1175195.06081920,530,12.39459000,1048271.57720230,0
2026-10-03 07:00:00+00:00,84586.01,84586.01,84586.0,84586.01,1.5747,2026-10-03 07:00:59.999000+00:00,133197.57717020,223,0.29702000,25123.73669020,0
2026-10-03 07:01:00+00:00,84586.01,84586.01,84586.0,84586.0,1.34827,2026-10-03 07:01:59.999000+00:00,114044.76880850,145,0.25885000,21895.08868850,0
2026-10-03 07:02:00+00:00,84586.0,84586.01,84586.0,84586.01,0.51932,2026-10-03 07:02:59.999000+00:00,43927.20526050,137,0.37405000,31639.39704050,0
2026-10-03 07:03:00+00:00,84586.0,84586.01,84586.0,84586.01,0.6254,2026-10-03 07:03:59.999000+00:00,52900.08815910,109,0.37591000,31796.72701910,0
2026-10-03 07:04:00+00:00,84586.0,84586.01,84572.0,84574.74,3.66096,2026-10-03 07:04:59.999000+00:00,309642.86797630,910,0.79647000,67362.38106130,0
2026-10-03 07:05:00+00:00,84574.75,84589.27,84574.74,84589.27,3.83148,2026-10-03 07:05:59.999000+00:00,324080.13130460,778,3.35943000,284153.92149920,0
2026-10-03 07:06:00+00:00,84589.27,84589.27,84589.26,84589.26,0.54203,2026-10-03 07:06:59.999000+00:00,45849.92073920,122,0.41414000,35031.80027780,0
2026-10-03 07:07:00+00:00,84589.26,84589.27,84589.26,84589.27,0.90233,2026-10-03 07:07:59.999000+00:00,76327.43073040,131,0.37546000,31759.88731420,0
2026-10-03 07:08:00+00:00,84589.27,84589.27,84589.26,84589.27,0.6813,2026-10-03 07:08:59.999000+00:00,57630.66840210,135,0.55641000,47066.31572070,0
2026-10-03 07:09:00+00:00,84589.27,84589.27,84589.26,84589.27,0.58422,2026-10-03 07:09:59.999000+00:00,49418.74055670,93,0.30795000,26049.26569650,0
2026-10-03 07:10:00+00:00,84589.26,84589.27,84589.26,84589.27,0.56334,2026-10-03 07:10:59.999000+00:00,47652.51547720,76,0.17488000,14792.97153760,0
2026-10-03 07:11:00+00:00,84589.27,84589.27,84589.26,84589.27,0.87632,2026-10-03 07:11:59.999000+00:00,74127.26835380,82,0.80306000,67930.25916620,0
2026-10-03 07:12:00+00:00,84589.27,84600.0,84589.26,84600.0,17.74966,2026-10-03 07:12:59.999000+00:00,1501456.39931290,522,17.42111000,1473662.89436050,0
2026-10-03 07:13:00+00:00,84599.99,84610.0,84599.99,84609.99,16.87387,2026-10-03 07:13:59.999000+00:00,1427595.47057920,288,16.76420000,1418317.25337590,0
2026-10-03 07:14:00+00:00,84610.0,84610.0,84587.98,84587.99,34.88869,2026-10-03 07:14:59.999000+00:00,2951761.83493120,582,0.62114000,52553.48732930,0
2026-10-03 07:15:00+00:00,84587.99,84602.01,84587.98,84602.0,2.08148,2026-10-03 07:15:59.999000+00:00,176074.89353020,500,1.36642000,115589.00195230,0
2026-10-03 07:16:00+00:00,84602.0,84610.0,84596.0,84602.01,5.09071,2026-10-03 07:16:59.999000+00:00,430674.68671020,910,3.52222000,297976.34153790,0
2026-10-03 07:17:00+00:00,84602.01,84602.01,84602.0,84602.0,0.58851,2026-10-03 07:17:59.999000+00:00,49789.12689380,125,0.38738000,32773.12663380,0
2026-10-03 07:18:00+00:00,84602.01,84610.0,84599.52,84599.52,9.17678,2026-10-03 07:18:59.999000+00:00,776387.94567030,970,2.79694000,236636.57764730,0
2026-10-03 07:19:00+00:00,84599.52,84603.45,84591.7,84603.45,13.86937,2026-10-03 07:19:59.999000+00:00,1173262.21624490,915,3.95619000,334668.09815120,0
2026-10-03 07:20:00+00:00,84603.45,84603.45,84587.42,84587.43,16.24427,2026-10-03 07:20:59.999000+00:00,1374144.43703680,1156,0.76978000,65121.51504180,0
2026-10-03 07:21:00+00:00,84587.43,84603.45,84572.07,84578.01,39.75709,2026-10-03 07:21:59.999000+00:00,3362831.22647520,4183,6.82977000,577679.70586870,0
2026-10-03 07:22:00+00:00,84578.0,84586.01,84578.0,84586.0,1.45173,2026-10-03 07:22:59.999000+00:00,122786.62239750,410,1.40401000,118750.49554950,0
2026-10-03 07:23:00+00:00,84586.01,84588.0,84586.0,84588.0,1.34009,2026-10-03 07:23:59.999000+00:00,113354.21022750,239,0.88248000,74646.62628410,0
2026-10-03 07:24:00+00:00,84588.0,84597.08,84587.99,84597.08,1.70315,2026-10-03 07:24:59.999000+00:00,144068.51878590,758,1.41420000,119626.73025940,0
2026-10-03 07:25:00+00:00,84597.08,84610.0,84597.07,84610.0,2.62878,2026-10-03 07:25:59.999000+00:00,222404.31332820,399,2.06845000,174998.78558970,0
2026-10-03 07:26:00+00:00,84609.99,84610.0,84609.99,84610.0,0.89027,2026-10-03 07:26:59.999000+00:00,75325.74236880,262,0.65715000,55601.46150000,0
2026-10-03 07:27:00+00:00,84610.0,84612.01,84609.99,84612.01,4.68017,2026-10-03 07:27:59.999000+00:00,395990.30200090,325,2.70028000,228470.70532990,0
2026-10-03 07:28:00+00:00,84612.0,84612.01,84612.0,84612.01,0.71953,2026-10-03 07:28:59.999000+00:00,60880.87691080,162,0.45508000,38505.23351080,0
2026-10-03 07:29:00+00:00,84612.01,84629.66,84612.0,84629.65,6.30462,2026-10-03 07:29:59.999000+00:00,533517.27906740,399,5.55558000,470132.63337190,0
2026-10-03 07:30:00+00:00,84629.66,84638.01,84629.65,84638.01,2.72522,2026-10-03 07:30:59.999000+00:00,230650.98447600,300,1.38673000,117364.26972050,0
2026-10-03 07:31:00+00:00,84638.01,84640.0,84638.0,84640.0,2.51703,2026-10-03 07:31:59.999000+00:00,213038.91069790,195,1.61274000,136500.84243350,0
2026-10-03 07:32:00+00:00,84639.99,84648.01,84639.99,84648.01,11.61021,2026-10-03 07:32:59.999000+00:00,982705.95270340,321,10.17795000,861471.39037060,0
2026-10-03 07:33:00+00:00,84648.0,84648.01,84640.39,84640.39,10.26709,2026-10-03 07:33:59.999000+00:00,869069.49777710,1339,0.85011000,71958.49025390,0
2026-10-03 07:34:00+00:00,84640.39,84640.4,84637.58,84637.59,3.95587,2026-10-03 07:34:59.999000+00:00,334817.57666180,650,0.84093000,71174.42995430,0
2026-10-03 07:35:00+00:00,84637.58,84648.01,84629.65,84648.01,10.36742,2026-10-03 07:35:59.999000+00:00,877463.18992800,1247,5.57669000,471990.37564660,0
2026-10-03 07:36:00+00:00,84648.0,84648.01,84637.2,84638.56,6.44516,2026-10-03 07:36:59.999000+00:00,545539.85565270,853,0.90562000,76651.71850700,0
2026-10-03 07:37:00+00:00,84638.56,84638.57,84632.21,84632.21,8.43033,2026-10-03 07:37:59.999000+00:00,713493.10267010,678,0.86799000,73461.52107280,0
2026-10-03 07:38:00+00:00,84632.22,84638.0,84632.21,84637.99,2.27923,2026-10-03 07:38:59.999000+00:00,192902.84241540,284,1.62686000,137687.87483690,0
2026-10-03 07:39:00+00:00,84637.99,84638.0,84627.48,84627.48,9.26062,2026-10-03 07:39:59.999000+00:00,783745.68092640,639,0.81378000,68869.08281730,0
2026-10-03 07:40:00+00:00,84627.48,84627.49,84618.07,84618.07,2.50221,2026-10-03 07:40:59.999000+00:00,211751.04102830,498,1.22669000,103810.77000180,0
2026-10-03 07:41:00+00:00,84618.08,84618.08,84609.06,84609.07,2.87255,2026-10-03 07:41:59.999000+00:00,243047.70918810,544,1.66621000,140976.48131780,0
2026-10-03 07:42:00+00:00,84609.07,84609.07,84582.02,84588.74,5.92693,2026-10-03 07:42:59.999000+00:00,501380.94568580,1103,1.55162000,131246.91799600,0
2026-10-03 07:43:00+00:00,84588.74,84588.74,84584.39,84584.4,2.77232,2026-10-03 07:43:59.999000+00:00,234499.14781540,427,0.91090000,77048.46555940,0
2026-10-03 07:44:00+00:00,84584.39,84584.4,84570.0,84570.01,7.32496,2026-10-03 07:44:59.999000+00:00,619501.65801080,1101,4.14813000,350812.32365450,0
2026-10-03 07:45:00+00:00,84570.0,84570.92,84570.0,84570.91,2.94077,2026-10-03 07:45:59.999000+00:00,248701.79711620,402,2.64877000,224007.27282290,0
2026-10-03 07:46:00+00:00,84570.92,84605.2,84570.91,84580.0,12.62882,2026-10-03 07:46:59.999000+00:00,1068209.17962290,1085,7.22278000,610900.87544020,0
2026-10-03 07:47:00+00:00,84580.01,84600.01,84580.0,84600.01,2.40836,2026-10-03 07:47:59.999000+00:00,203720.53285280,907,2.22604000,188298.70317210,0
2026-10-03 07:48:00+00:00,84600.01,84609.06,84600.0,84609.06,1.38724,2026-10-03 07:48:59.999000+00:00,117364.31481470,425,1.16215000,98320.63750690,0
2026-10-03 07:49:00+00:00,84609.06,84609.06,84600.0,84600.0,4.63592,2026-10-03 07:49:59.999000+00:00,392225.38170400,916,0.79716000,67443.97820860,0
2026-10-03 07:50:00+00:00,84600.01,84609.07,84600.0,84609.06,3.13836,2026-10-03 07:50:59.999000+00:00,265520.88220450,481,2.76170000,233653.05119810,0
2026-10-03 07:51:00+00:00,84609.07,84609.07,84597.84,84598.01,6.08248,2026-10-03 07:51:59.999000+00:00,514593.75276560,960,1.10839000,93775.54068860,0
2026-10-03 07:52:00+00:00,84598.01,84598.01,84598.0,84598.0,1.57405,2026-10-03 07:52:59.999000+00:00,133161.49583080,242,1.39308000,117851.79577080,0
2026-10-03 07:53:00+00:00,84598.0,84598.01,84566.11,84566.11,8.22163,2026-10-03 07:53:59.999000+00:00,695374.46975130,1475,0.87541000,74037.24367350,0
2026-10-03 07:54:00+00:00,84566.12,84600.04,84566.11,84600.04,21.49907,2026-10-03 07:54:59.999000+00:00,1818573.23437290,921,19.21145000,1625069.65721830,0
2026-10-03 07:55:00+00:00,84600.03,84600.04,84582.05,84582.06,5.74966,2026-10-03 07:55:59.999000+00:00,486365.40237400,1095,0.80234000,67867.06658110,0
2026-10-03 07:56:00+00:00,84582.05,84587.33,84582.05,84587.33,4.10829,2026-10-03 07:56:59.999000+00:00,347501.08866780,289,1.61999000,137023.33755600,0
2026-10-03 07:57:00+00:00,84587.33,84589.25,84587.32,84589.25,1.78446,2026-10-03 07:57:59.999000+00:00,150943.68399100,417,1.34280000,113584.77090140,0
2026-10-03 07:58:00+00:00,84589.25,84589.25,84577.8,84577.81,6.12891,2026-10-03 07:58:59.999000+00:00,518413.31452930,1247,1.10321000,93314.40561680,0
2026-10-03 07:59:00+00:00,84577.8,84581.44,84560.0,84560.0,12.72788,2026-10-03 07:59:59.999000+00:00,1076426.61131810,848,3.58441000,303142.37021470,0
2026-10-03 08:00:00+00:00,84560.0,84596.01,84557.36,84596.01,7.87487,2026-10-03 08:00:59.999000+00:00,665957.94199140,1306,6.12607000,518051.89357330,0
2026-10-03 08:01:00+00:00,84596.01,84609.07,84594.0,84594.0,4.01266,2026-10-03 08:01:59.999000+00:00,339476.55836280,677,1.94563000,164598.03889340,0
2026-10-03 08:02:00+00:00,84594.0,84606.66,84592.63,84597.54,3.39122,2026-10-03 08:02:59.999000+00:00,286901.59391930,763,1.22876000,103954.14761720,0
2026-10-03 08:03:00+00:00,84597.55,84597.55,84592.0,84592.02,7.04415,2026-10-03 08:03:59.999000+00:00,595880.07492590,328,6.33111000,535561.80437110,0
2026-10-03 08:04:00+00:00,84592.01,84594.72,84592.01,84594.71,0.83961,2026-10-03 08:04:59.999000+00:00,71025.45959550,409,0.74388000,62927.38717920,0
2026-10-03 08:05:00+00:00,84594.72,84597.95,84594.71,84597.95,1.65073,2026-10-03 08:05:59.999000+00:00,139645.06110530,463,1.59157000,134640.35656910,0
2026-10-03 08:06:00+00:00,84598.01,84614.01,84598.01,84614.0,1.3686,2026-10-03 08:06:59.999000+00:00,115792.96544720,577,1.24363000,105219.51270640,0
2026-10-03 08:07:00+00:00,84614.01,84630.01,84614.01,84630.01,1.10823,2026-10-03 08:07:59.999000+00:00,93780.11909780,717,0.96346000,81529.57269490,0
2026-10-03 08:08:00+00:00,84630.01,84642.01,84630.0,84642.01,1.41227,2026-10-03 08:08:59.999000+00:00,119527.93572270,543,1.06978000,90540.86682770,0
2026-10-03 08:09:00+00:00,84642.01,84644.01,84631.63,84631.63,7.63975,2026-10-03 08:09:59.999000+00:00,646637.53897420,676,0.72558000,61412.84508450,0
2026-10-03 08:10:00+00:00,84631.64,84638.0,84631.63,84637.99,0.81379,2026-10-03 08:10:59.999000+00:00,68874.15087390,284,0.65515000,55447.83328010,0
2026-10-03 08:11:00+00:00,84637.99,84638.0,84637.99,84638.0,0.63922,2026-10-03 08:11:59.999000+00:00,54102.30068390,99,0.47161000,39916.12718000,0
2026-10-03 08:12:00+00:00,84638.0,84643.46,84638.0,84643.46,1.45947,2026-10-03 08:12:59.999000+00:00,123532.30393660,454,1.16346000,98477.13032070,0
2026-10-03 08:13:00+00:00,84643.46,84643.46,84643.45,84643.46,2.12872,2026-10-03 08:13:59.999000+00:00,180182.22262940,110,1.77454000,150203.20550840,0
2026-10-03 08:14:00+00:00,84643.46,84643.46,84643.45,84643.46,0.53244,2026-10-03 08:14:59.999000+00:00,45067.56250430,104,0.39863000,33741.42245980,0
2026-10-03 08:15:00+00:00,84643.46,84643.46,84638.06,84638.06,3.92032,2026-10-03 08:15:59.999000+00:00,331819.43315920,456,0.32945000,27884.18836180,0
2026-10-03 08:16:00+00:00,84638.07,84638.07,84622.28,84624.0,6.1696,2026-10-03 08:16:59.999000+00:00,522139.45596420,1122,0.89504000,75742.62034590,0
2026-10-03 08:17:00+00:00,84624.01,84624.02,84624.0,84624.01,4.98326,2026-10-03 08:17:59.999000+00:00,421703.44536710,231,4.45429000,376939.88328930,0
2026-10-03 08:18:00+00:00,84624.02,84624.02,84624.01,84624.01,0.92009,2026-10-03 08:18:59.999000+00:00,77861.71400450,139,0.86436000,73145.61792720,0
2026-10-03 08:19:00+00:00,84624.01,84624.02,84624.01,84624.02,0.45001,2026-10-03 08:19:59.999000+00:00,38081.65383120,106,0.30911000,26158.13082220,0
2026-10-03 08:20:00+00:00,84624.02,84624.02,84590.0,84590.01,6.38968,2026-10-03 08:20:59.999000+00:00,540640.38465980,1146,0.52204000,44162.10312660,0
2026-10-03 08:21:00+00:00,84590.01,84590.01,84590.0,84590.01,0.77873,2026-10-03 08:21:59.999000+00:00,65872.77313730,119,0.24373000,20617.12313730,0
2026-10-03 08:22:00+00:00,84590.0,84590.12,84583.46,84590.12,17.24039,2026-10-03 08:22:59.999000+00:00,1458282.74576140,929,16.27815000,1376889.41339820,0
2026-10-03 08:23:00+00:00,84590.11,84590.12,84590.01,84590.01,10.65864,2026-10-03 08:23:59.999000+00:00,901614.85454550,270,2.59741000,219715.21905820,0
2026-10-03 08:24:00+00:00,84590.01,84590.02,84590.01,84590.02,1.27626,2026-10-03 08:24:59.999000+00:00,107958.85073420,122,0.45716000,38671.17354320,0
2026-10-03 08:25:00+00:00,84590.01,84590.02,84576.01,84576.02,7.12388,2026-10-03 08:25:59.999000+00:00,602567.96866580,772,0.59074000,49966.70111250,0
2026-10-03 08:26:00+00:00,84576.01,84576.02,84576.01,84576.01,1.61397,2026-10-03 08:26:59.999000+00:00,136503.14782400,316,0.53906000,45591.54891490,0
2026-10-03 08:27:00+00:00,84576.01,84589.48,84570.0,84589.48,5.0115,2026-10-03 08:27:59.999000+00:00,423850.00383370,973,4.28787000,362648.86693860,0
2026-10-03 08:28:00+00:00,84589.47,84607.02,84589.47,84607.01,5.8036,2026-10-03 08:28:59.999000+00:00,490963.93648980,602,5.01389000,424158.40929410,0
2026-10-03 08:29:00+00:00,84607.02,84607.02,84589.87,84589.87,19.95686,2026-10-03 08:29:59.999000+00:00,1688326.00116330,594,1.57226000,133003.45295060,0
2026-10-03 08:30:00+00:00,84589.86,84589.87,84584.0,84584.01,1.93981,2026-10-03 08:30:59.999000+00:00,164082.16978850,542,0.39405000,33331.31024450,0
2026-10-03 08:31:00+00:00,84584.0,84584.0,84573.41,84579.19,3.9864,2026-10-03 08:31:59.999000+00:00,337150.35324030,965,2.33833000,197762.41779160,0
2026-10-03 08:32:00+00:00,84579.2,84579.2,84579.19,84579.2,2.48895,2026-10-03 08:32:59.999000+00:00,210513.39669220,368,2.17388000,183865.03129600,0
2026-10-03 08:33:00+00:00,84579.2,84579.21,84579.2,84579.2,1.34718,2026-10-03 08:33:59.999000+00:00,113943.41350880,439,0.68528000,57960.44102880,0
2026-10-03 08:34:00+00:00,84579.21,84590.0,84579.2,84590.0,9.33625,2026-10-03 08:34:59.999000+00:00,789685.70484750,694,8.14335000,688791.13141790,0
2026-10-03 08:35:00+00:00,84589.99,84590.0,84589.99,84589.99,0.48039,2026-10-03 08:35:59.999000+00:00,40636.18870240,209,0.34063000,28813.89170000,0
2026-10-03 08:36:00+00:00,84589.99,84600.01,84589.99,84600.0,1.07748,2026-10-03 08:36:59.999000+00:00,91148.11124550,736,0.58394000,49396.65662000,0
2026-10-03 08:37:00+00:00,84600.01,84608.68,84600.0,84608.67,0.86855,2026-10-03 08:37:59.999000+00:00,73481.17869540,503,0.69909000,59144.50414880,0
2026-10-03 08:38:00+00:00,84608.68,84610.0,84608.67,84610.0,1.04084,2026-10-03 08:38:59.999000+00:00,88065.10189890,293,0.59965000,50736.13140890,0
2026-10-03 08:39:00+00:00,84609.99,84610.0,84609.99,84610.0,0.41046,2026-10-03 08:39:59.999000+00:00,34729.02021400,100,0.37186000,31463.07460000,0
2026-10-03 08:40:00+00:00,84610.0,84610.0,84609.99,84610.0,0.37984,2026-10-03 08:40:59.999000+00:00,32138.26085850,127,0.22569000,19095.63090000,0
2026-10-03 08:41:00+00:00,84610.0,84620.01,84609.99,84620.0,4.48139,2026-10-03 08:41:59.999000+00:00,379197.03838500,427,4.29985000,363835.82312240,0
2026-10-03 08:42:00+00:00,84620.0,84623.61,84620.0,84623.6,0.76769,2026-10-03 08:42:59.999000+00:00,64962.66988530,629,0.64886000,54907.24214730,0
2026-10-03 08:43:00+00:00,84623.61,84624.01,84623.6,84624.01,0.61442,2026-10-03 08:43:59.999000+00:00,51994.52554040,301,0.43626000,36917.96542800,0
2026-10-03 08:44:00+00:00,84624.01,84625.63,84624.0,84625.63,0.60013,2026-10-03 08:44:59.999000+00:00,50785.81644960,423,0.45798000,38756.35053490,0
2026-10-03 08:45:00+00:00,84625.63,84641.89,84625.63,84641.88,6.09567,2026-10-03 08:45:59.999000+00:00,515931.18859410,869,4.70216000,397983.56334890,0
2026-10-03 08:46:00+00:00,84641.88,84641.89,84641.88,84641.89,1.61537,2026-10-03 08:46:59.999000+00:00,136727.96385320,168,1.01576000,85975.84618640,0
2026-10-03 08:47:00+00:00,84641.89,84644.01,84631.33,84631.34,5.52772,2026-10-03 08:47:59.999000+00:00,467865.09719590,1029,0.86730000,73410.06846570,0
2026-10-03 08:48:00+00:00,84631.34,84631.34,84631.33,84631.34,1.23678,2026-10-03 08:48:59.999000+00:00,104670.34028030,251,0.39629000,33538.55372860,0
2026-10-03 08:49:00+00:00,84631.34,84634.47,84631.33,84634.46,3.24041,2026-10-03 08:49:59.999000+00:00,274242.97658310,288,3.14950000,266549.07094620,0
2026-10-03 08:50:00+00:00,84634.47,84640.49,84634.46,84640.48,3.45191,2026-10-03 08:50:59.999000+00:00,292156.28945880,331,3.19322000,270260.68968040,0
2026-10-03 08:51:00+00:00,84640.48,84640.49,84640.48,84640.49,1.4922,2026-10-03 08:51:59.999000+00:00,126300.53075420,136,0.64982000,55001.08321180,0
2026-10-03 08:52:00+00:00,84640.48,84640.49,84640.48,84640.48,0.78358,2026-10-03 08:52:59.999000+00:00,66322.59168860,119,0.43702000,36989.58693980,0
2026-10-03 08:53:00+00:00,84640.48,84640.51,84640.48,84640.5,1.19024,2026-10-03 08:53:59.999000+00:00,100742.50360860,286,0.94947000,80363.61283280,0
2026-10-03 08:54:00+00:00,84640.49,84640.62,84640.49,84640.62,1.83279,2026-10-03 08:54:59.999000+00:00,155128.39171720,372,1.23120000,104209.46665800,0
2026-10-03 08:55:00+00:00,84640.62,84644.47,84640.61,84644.47,1.71691,2026-10-03 08:55:59.999000+00:00,145322.73537410,596,1.66006000,140510.73060540,0
2026-10-03 08:56:00+00:00,84644.47,84644.47,84644.46,84644.46,0.98245,2026-10-03 08:56:59.999000+00:00,83158.95625510,143,0.65281000,55256.75646070,0
2026-10-03 08:57:00+00:00,84644.47,84644.47,84644.46,84644.47,0.54575,2026-10-03 08:57:59.999000+00:00,46194.71753830,101,0.34933000,29568.85270510,0
2026-10-03 08:58:00+00:00,84644.46,84644.47,84619.93,84619.99,26.22235,2026-10-03 08:58:59.999000+00:00,2219268.29398440,806,2.04799000,173309.45015570,0
2026-10-03 08:59:00+00:00,84619.99,84620.0,84614.99,84616.01,24.1093,2026-10-03 08:59:59.999000+00:00,2040101.30316420,704,4.22400000,357420.65063390,0
2026-10-03 09:00:00+00:00,84616.02,84624.04,84616.01,84624.03,2.29705,2026-10-03 09:00:59.999000+00:00,194374.88719840,500,1.45778000,123357.46961290,0
2026-10-03 09:01:00+00:00,84624.04,84624.69,84624.03,84624.68,1.15296,2026-10-03 09:01:59.999000+00:00,97568.19744350,202,0.94657000,80102.62647180,0
2026-10-03 09:02:00+00:00,84624.68,84628.0,84624.68,84627.99,1.8312,2026-10-03 09:02:59.999000+00:00,154968.40576290,319,0.76701000,64909.00151650,0
2026-10-03 09:03:00+00:00,84627.99,84641.15,84627.99,84641.14,3.91125,2026-10-03 09:03:59.999000+00:00,331034.88555580,521,1.61040000,136289.77655420,0
2026-10-03 09:04:00+00:00,84641.14,84641.15,84641.14,84641.15,4.0304,2026-10-03 09:04:59.999000+00:00,341137.68746460,156,3.68086000,311552.22338900,0
2026-10-03 09:05:00+00:00,84641.15,84642.01,84641.14,84642.0,2.01838,2026-10-03 09:05:59.999000+00:00,170838.33141620,334,1.70586000,144386.24739870,0
2026-10-03 09:06:00+00:00,84642.01,84642.01,84642.0,84642.0,0.59051,2026-10-03 09:06:59.999000+00:00,49981.95231020,127,0.48902000,41391.63573020,0
2026-10-03 09:07:00+00:00,84642.01,84642.01,84642.0,84642.01,1.27205,2026-10-03 09:07:59.999000+00:00,107668.86301240,124,0.69124000,58507.94299240,0
2026-10-03 09:08:00+00:00,84642.0,84643.25,84642.0,84642.01,0.6417,2026-10-03 09:08:59.999000+00:00,54314.77901510,182,0.57017000,48260.33655180,0
2026-10-03 09:09:00+00:00,84642.02,84660.83,84642.01,84660.83,1.85831,2026-10-03 09:09:59.999000+00:00,157300.09590820,658,1.64030000,138846.70800070,0
2026-10-03 09:10:00+00:00,84660.82,84660.83,84660.82,84660.83,1.2328,2026-10-03 09:10:59.999000+00:00,104369.86863110,159,0.97351000,82418.16461330,0
2026-10-03 09:11:00+00:00,84660.82,84664.01,84660.82,84664.01,1.66349,2026-10-03 09:11:59.999000+00:00,140832.62605890,404,1.55432000,131590.14262700,0
2026-10-03 09:12:00+00:00,84664.01,84665.88,84664.0,84665.88,0.64536,2026-10-03 09:12:59.999000+00:00,54639.70202980,283,0.49548000,41950.00695250,0
2026-10-03 09:13:00+00:00,84665.87,84665.88,84653.07,84653.07,4.73813,2026-10-03 09:13:59.999000+00:00,401143.68472500,1327,0.49180000,41636.95589020,0
2026-10-03 09:14:00+00:00,84653.07,84653.08,84640.0,84640.01,3.1708,2026-10-03 09:14:59.999000+00:00,268398.69074060,1229,0.52563000,44490.54367060,0
2026-10-03 09:15:00+00:00,84640.01,84640.01,84624.68,84624.68,2.69952,2026-10-03 09:15:59.999000+00:00,228470.33368160,1020,0.41359000,35002.97451550,0
2026-10-03 09:16:00+00:00,84624.68,84624.69,84615.57,84615.57,2.01505,2026-10-03 09:16:59.999000+00:00,170511.82099670,631,0.24390000,20639.49963120,0
2026-10-03 09:17:00+00:00,84615.58,84615.58,84615.57,84615.57,1.33646,2026-10-03 09:17:59.999000+00:00,113085.33073000,111,0.60478000,51173.81047240,0
2026-10-03 09:18:00+00:00,84615.58,84616.01,84615.57,84616.01,0.97279,2026-10-03 09:18:59.999000+00:00,82313.39513260,212,0.89472000,75707.42691510,0
2026-10-03 09:19:00+00:00,84616.01,84643.81,84610.0,84610.0,15.25292,2026-10-03 09:19:59.999000+00:00,1290962.68364930,1111,1.46961000,124367.34742540,0
2026-10-03 09:20:00+00:00,84610.0,84610.01,84610.0,84610.0,1.62066,2026-10-03 09:20:59.999000+00:00,137124.04896220,133,0.63622000,53830.58056220,0
2026-10-03 09:21:00+00:00,84610.01,84610.01,84610.0,84610.01,1.3682,2026-10-03 09:21:59.999000+00:00,115763.40628810,139,0.42881000,36281.61838810,0
2026-10-03 09:22:00+00:00,84610.01,84610.01,84610.0,84610.0,1.01245,2026-10-03 09:22:59.999000+00:00,85663.40343810,113,0.89381000,75625.27303810,0
2026-10-03 09:23:00+00:00,84610.01,84610.01,84610.0,84610.0,1.02427,2026-10-03 09:23:59.999000+00:00,86663.48882690,121,0.41269000,34917.70502690,0
2026-10-03 09:24:00+00:00,84610.01,84610.01,84610.0,84610.01,0.87734,2026-10-03 09:24:59.999000+00:00,74231.74293960,129,0.55396000,46870.56113960,0
2026-10-03 09:25:00+00:00,84610.0,84610.01,84610.0,84610.01,0.78316,2026-10-03 09:25:59.999000+00:00,66263.16980030,206,0.22003000,18616.74050030,0
2026-10-03 09:26:00+00:00,84610.0,84610.01,84610.0,84610.01,1.04015,2026-10-03 09:26:59.999000+00:00,88007.10061130,125,0.91113000,77090.71841130,0
2026-10-03 09:27:00+00:00,84610.01,84610.01,84610.0,84610.0,8.62965,2026-10-03 09:27:59.999000+00:00,730154.68826040,224,0.17604000,14894.74616040,0
2026-10-03 09:28:00+00:00,84610.0,84610.01,84610.0,84610.0,0.94861,2026-10-03 09:28:59.999000+00:00,80261.89789060,121,0.57906000,48994.27239060,0
2026-10-03 09:29:00+00:00,84610.01,84610.01,84598.05,84598.06,5.84605,2026-10-03 09:29:59.999000+00:00,494606.12387210,447,0.39498000,33416.08084330,0
2026-10-03 09:30:00+00:00,84598.06,84598.06,84591.42,84591.43,5.91534,2026-10-03 09:30:59.999000+00:00,500417.03755570,300,0.52472000,44388.45083690,0
2026-10-03 09:31:00+00:00,84591.42,84591.43,84591.42,84591.42,1.57371,2026-10-03 09:31:59.999000+00:00,133122.36671230,138,0.31441000,26596.39150630,0
2026-10-03 09:32:00+00:00,84591.42,84591.43,84591.42,84591.43,1.77518,2026-10-03 09:32:59.999000+00:00,150165.01117110,165,1.42155000,120250.94731650,0
2026-10-03 09:33:00+00:00,84591.42,84591.43,84591.42,84591.43,1.06782,2026-10-03 09:33:59.999000+00:00,90328.41454720,180,0.44428000,37582.28052040,0
2026-10-03 09:34:00+00:00,84591.43,84591.43,84591.42,84591.43,1.19521,2026-10-03 09:34:59.999000+00:00,101104.51974890,148,0.86507000,73177.50835010,0
2026-10-03 09:35:00+00:00,84591.43,84591.43,84591.42,84591.43,0.80372,2026-10-03 09:35:59.999000+00:00,67987.82083250,131,0.47501000,40181.77516430,0
2026-10-03 09:36:00+00:00,84591.42,84591.43,84590.0,84590.01,3.39485,2026-10-03 09:36:59.999000+00:00,287170.97153560,427,0.66114000,55925.91058060,0
2026-10-03 09:37:00+00:00,84590.01,84590.01,84590.0,84590.0,3.60203,2026-10-03 09:37:59.999000+00:00,304695.73989660,206,2.21966000,187761.06159660,0
2026-10-03 09:38:00+00:00,84590.01,84590.01,84590.0,84590.0,1.03034,2026-10-03 09:38:59.999000+00:00,87156.46292970,147,0.23297000,19706.93462970,0
2026-10-03 09:39:00+00:00,84590.01,84590.01,84590.0,84590.0,0.94807,2026-10-03 09:39:59.999000+00:00,80197.24349950,168,0.21995000,18605.57269950,0
2026-10-03 09:40:00+00:00,84590.01,84590.01,84588.0,84588.01,2.08725,2026-10-03 09:40:59.999000+00:00,176557.36248400,338,0.60823000,51449.26033190,0
2026-10-03 09:41:00+00:00,84588.01,84588.01,84588.0,84588.0,0.72196,2026-10-03 09:41:59.999000+00:00,61069.15653330,78,0.40533000,34286.05809330,0
2026-10-03 09:42:00+00:00,84588.0,84588.01,84588.0,84588.0,0.72308,2026-10-03 09:42:59.999000+00:00,61163.89479460,101,0.37546000,31759.41423460,0
2026-10-03 09:43:00+00:00,84588.0,84588.01,84588.0,84588.01,1.26453,2026-10-03 09:43:59.999000+00:00,106964.06734620,78,0.37062000,31350.00826620,0
2026-10-03 09:44:00+00:00,84588.0,84590.06,84588.0,84590.06,7.15626,2026-10-03 09:44:59.999000+00:00,605334.59015430,526,7.04145000,595623.04187430,0
2026-10-03 09:45:00+00:00,84590.06,84590.06,84590.05,84590.06,0.56262,2026-10-03 09:45:59.999000+00:00,47592.05784170,125,0.39107000,33080.63476420,0
2026-10-03 09:46:00+00:00,84590.05,84590.06,84590.05,84590.06,1.31762,2026-10-03 09:46:59.999000+00:00,111457.54718190,177,0.55009000,46532.14610540,0
2026-10-03 09:47:00+00:00,84590.05,84590.06,84590.05,84590.06,4.0103,2026-10-03 09:47:59.999000+00:00,339231.51243900,255,3.49240000,295422.32554400,0
2026-10-03 09:48:00+00:00,84590.06,84590.06,84590.05,84590.06,0.63443,2026-10-03 09:48:59.999000+00:00,53666.46995800,167,0.45365000,38374.28071900,0
2026-10-03 09:49:00+00:00,84590.06,84590.06,84590.05,84590.06,0.95162,2026-10-03 09:49:59.999000+00:00,80497.59137160,139,0.79906000,67592.53334360,0
2026-10-03 09:50:00+00:00,84590.05,84590.06,84590.04,84590.04,7.67971,2026-10-03 09:50:59.999000+00:00,649627.05522420,309,0.76171000,64433.09339770,0
2026-10-03 09:51:00+00:00,84590.05,84590.05,84590.04,84590.05,0.96324,2026-10-03 09:51:59.999000+00:00,81480.51838270,104,0.82531000,69813.01416550,0
2026-10-03 09:52:00+00:00,84590.05,84590.05,84590.04,84590.05,0.35484,2026-10-03 09:52:59.999000+00:00,30015.93258000,85,0.27864000,23570.17153200,0
2026-10-03 09:53:00+00:00,84590.05,84590.05,84590.04,84590.05,2.72086,2026-10-03 09:53:59.999000+00:00,230157.67591590,125,1.96815000,166485.90690750,0
2026-10-03 09:54:00+00:00,84590.04,84590.05,84590.04,84590.04,0.99665,2026-10-03 09:54:59.999000+00:00,84306.66594520,180,0.25792000,21817.46569600,0
2026-10-03 09:55:00+00:00,84590.05,84590.05,84590.04,84590.04,0.59313,2026-10-03 09:55:59.999000+00:00,50172.89329690,98,0.28717000,24291.72465850,0
2026-10-03 09:56:00+00:00,84590.04,84600.01,84590.04,84600.0,7.76087,2026-10-03 09:56:59.999000+00:00,656527.73926490,364,6.77643000,573245.63077850,0
2026-10-03 09:57:00+00:00,84600.0,84600.01,84579.99,84579.99,21.12235,2026-10-03 09:57:59.999000+00:00,1786763.54347990,624,1.79798000,152080.10907860,0
2026-10-03 09:58:00+00:00,84579.99,84600.01,84579.99,84600.01,11.6767,2026-10-03 09:58:59.999000+00:00,987765.79651800,417,10.94489000,925864.17947010,0
2026-10-03 09:59:00+00:00,84600.01,84600.01,84600.0,84600.01,0.61232,2026-10-03 09:59:59.999000+00:00,51802.27595070,125,0.39507000,33422.92595070,0
2026-10-03 10:00:00+00:00,84600.0,84600.01,84592.56,84592.56,7.3424,2026-10-03 10:00:59.999000+00:00,621158.94351160,557,0.35261000,29830.30612370,0
2026-10-03 10:01:00+00:00,84592.57,84592.57,84592.56,84592.57,1.57032,2026-10-03 10:01:59.999000+00:00,132837.39836820,173,0.95490000,80777.44509300,0
2026-10-03 10:02:00+00:00,84592.57,84592.57,84592.56,84592.56,0.71482,2026-10-03 10:02:59.999000+00:00,60468.45872900,126,0.49898000,42210.00057860,0
2026-10-03 10:03:00+00:00,84592.56,84592.57,84592.56,84592.57,1.24467,2026-10-03 10:03:59.999000+00:00,105289.83003840,155,0.83832000,70915.64328240,0
2026-10-03 10:04:00+00:00,84592.56,84620.01,84592.56,84620.01,53.36472,2026-10-03 10:04:59.999000+00:00,4514982.60471300,851,45.86767000,3880604.69583460,0
2026-10-03 10:05:00+00:00,84620.01,84620.01,84611.0,84611.01,35.50411,2026-10-03 10:05:59.999000+00:00,3004137.59264040,415,1.20280000,101771.07043800,0
2026-10-03 10:06:00+00:00,84611.0,84611.01,84611.0,84611.01,0.64173,2026-10-03 10:06:59.999000+00:00,54297.42157920,131,0.45492000,38491.24066920,0
2026-10-03 10:07:00+00:00,84611.0,84611.01,84590.63,84590.64,5.47007,2026-10-03 10:07:59.999000+00:00,462799.72063850,598,0.48874000,41350.94683860,0
2026-10-03 10:08:00+00:00,84590.63,84590.64,84590.63,84590.63,2.13406,2026-10-03 10:08:59.999000+00:00,180521.48864340,104,0.87856000,74317.95267840,0
2026-10-03 10:09:00+00:00,84590.64,84590.64,84590.63,84590.64,1.11182,2026-10-03 10:09:59.999000+00:00,94049.55971720,143,0.54706000,46276.15551840,0
2026-10-03 10:10:00+00:00,84590.63,84590.64,84590.63,84590.63,0.53689,2026-10-03 10:10:59.999000+00:00,45415.86760440,111,0.42637000,36066.91117680,0
2026-10-03 10:11:00+00:00,84590.64,84590.64,84590.63,84590.64,1.29037,2026-10-03 10:11:59.999000+00:00,109153.22246790,148,1.12348000,95035.89222720,0
2026-10-03 10:12:00+00:00,84590.63,84590.64,84590.63,84590.63,1.67011,2026-10-03 10:12:59.999000+00:00,141275.66352050,119,0.64512000,54571.11367680,0
2026-10-03 10:13:00+00:00,84590.64,84590.64,84590.63,84590.63,1.32782,2026-10-03 10:13:59.999000+00:00,112321.13597200,115,0.56454000,47754.79990560,0
2026-10-03 10:14:00+00:00,84590.64,84590.64,84580.75,84580.76,11.92793,2026-10-03 10:14:59.999000+00:00,1008947.27318200,456,0.38835000,32846.95919040,0
2026-10-03 10:15:00+00:00,84580.76,84580.76,84580.75,84580.75,1.09161,2026-10-03 10:15:59.999000+00:00,92329.19822200,92,0.57145000,48333.67530200,0
2026-10-03 10:16:00+00:00,84580.76,84580.76,84580.75,84580.75,0.9352,2026-10-03 10:16:59.999000+00:00,79099.92071860,99,0.33186000,28068.97101360,0
2026-10-03 10:17:00+00:00,84580.75,84580.76,84580.75,84580.75,0.68423,2026-10-03 10:17:59.999000+00:00,57872.69031230,72,0.37398000,31631.51262480,0
2026-10-03 10:18:00+00:00,84580.76,84580.76,84580.75,84580.75,6.22592,2026-10-03 10:18:59.999000+00:00,526592.98745860,257,0.44186000,37372.85461360,0
2026-10-03 10:19:00+00:00,84580.75,84580.76,84574.0,84574.0,3.70549,2026-10-03 10:19:59.999000+00:00,313395.32988050,525,0.51036000,43163.86181610,0
2026-10-03 10:20:00+00:00,84574.0,84574.01,84570.67,84570.68,2.6507,2026-10-03 10:20:59.999000+00:00,224178.62985670,560,0.62272000,52665.52020780,0
2026-10-03 10:21:00+00:00,84570.68,84570.68,84570.67,84570.67,1.35482,2026-10-03 10:21:59.999000+00:00,114578.03827070,218,0.31413000,26566.18770840,0
2026-10-03 10:22:00+00:00,84570.67,84570.68,84570.67,84570.68,0.74713,2026-10-03 10:22:59.999000+00:00,63185.28838730,86,0.37102000,31377.41369360,0
2026-10-03 10:23:00+00:00,84570.68,84570.68,84570.67,84570.67,0.47019,2026-10-03 10:23:59.999000+00:00,39764.28664480,72,0.33175000,28056.32309000,0
2026-10-03 10:24:00+00:00,84570.68,84574.74,84570.67,84574.74,5.50863,2026-10-03 10:24:59.999000+00:00,465870.42897980,243,5.05758000,427723.94080090,0
2026-10-03 10:25:00+00:00,84574.74,84590.01,84574.73,84590.01,13.54829,2026-10-03 10:25:59.999000+00:00,1145928.53962800,321,13.27545000,1122851.51395790,0
2026-10-03 10:26:00+00:00,84590.01,84590.01,84580.35,84582.26,16.44365,2026-10-03 10:26:59.999000+00:00,1390900.01781620,532,2.28745000,193479.06037200,0
2026-10-03 10:27:00+00:00,84582.25,84591.34,84582.25,84591.34,0.66807,2026-10-03 10:27:59.999000+00:00,56508.21042600,273,0.60316000,51017.91594890,0
2026-10-03 10:28:00+00:00,84591.33,84611.01,84591.33,84611.01,1.25685,2026-10-03 10:28:59.999000+00:00,106333.98649470,404,1.03713000,87744.25742710,0
2026-10-03 10:29:00+00:00,84611.0,84611.01,84574.72,84586.23,58.12616,2026-10-03 10:29:59.999000+00:00,4916812.24848630,695,16.51317000,1396640.16123180,0
2026-10-03 10:30:00+00:00,84586.24,84586.24,84586.23,84586.24,4.11896,2026-10-03 10:30:59.999000+00:00,348407.30621750,165,0.82967000,70178.66574080,0
2026-10-03 10:31:00+00:00,84586.24,84615.44,84586.23,84615.44,3.15614,2026-10-03 10:31:59.999000+00:00,267008.44552670,473,2.95682000,250144.22353420,0
2026-10-03 10:32:00+00:00,84615.43,84615.44,84615.43,84615.43,0.5448,2026-10-03 10:32:59.999000+00:00,46098.49124900,114,0.49850000,42180.79684000,0
2026-10-03 10:33:00+00:00,84615.44,84615.44,84605.92,84606.0,5.09183,2026-10-03 10:33:59.999000+00:00,430836.38698330,320,0.56753000,48020.93529840,0
2026-10-03 10:34:00+00:00,84606.0,84606.0,84605.99,84605.99,0.36805,2026-10-03 10:34:59.999000+00:00,31139.23783510,90,0.32156000,27205.90536000,0
2026-10-03 10:35:00+00:00,84605.99,84606.0,84605.99,84606.0,0.50195,2026-10-03 10:35:59.999000+00:00,42467.98018340,74,0.35029000,29636.63574000,0
2026-10-03 10:36:00+00:00,84605.99,84606.0,84605.99,84606.0,1.9874,2026-10-03 10:36:59.999000+00:00,168145.95489530,118,1.03693000,87730.49958000,0
2026-10-03 10:37:00+00:00,84606.0,84606.0,84605.99,84606.0,0.45302,2026-10-03 10:37:59.999000+00:00,38328.20906940,134,0.34796000,29439.50376000,0
2026-10-03 10:38:00+00:00,84606.0,84606.0,84600.99,84600.99,6.01575,2026-10-03 10:38:59.999000+00:00,508957.17454100,283,0.54263000,45908.20838000,0
2026-10-03 10:39:00+00:00,84601.0,84601.0,84600.99,84601.0,1.55473,2026-10-03 10:39:59.999000+00:00,131531.70095850,158,0.37758000,31943.64558000,0
2026-10-03 10:40:00+00:00,84601.0,84601.0,84600.99,84601.0,15.53878,2026-10-03 10:40:59.999000+00:00,1314596.32575260,335,15.43604000,1305904.42004000,0
2026-10-03 10:41:00+00:00,84601.0,84601.0,84600.99,84600.99,21.57747,2026-10-03 10:41:59.999000+00:00,1825475.53811380,433,21.44185000,1814001.95185000,0
2026-10-03 10:42:00+00:00,84601.0,84601.0,84600.99,84601.0,0.48147,2026-10-03 10:42:59.999000+00:00,40732.84180550,132,0.31502000,26651.00702000,0
2026-10-03 10:43:00+00:00,84601.0,84601.0,84600.99,84601.0,0.72073,2026-10-03 10:43:59.999000+00:00,60974.47849250,106,0.69698000,58965.20498000,0
2026-10-03 10:44:00+00:00,84600.99,84601.0,84600.99,84601.0,0.75793,2026-10-03 10:44:59.999000+00:00,64121.63469850,139,0.63478000,53703.02278000,0
2026-10-03 10:45:00+00:00,84601.0,84608.01,84600.99,84608.01,1.80792,2026-10-03 10:45:59.999000+00:00,152957.81893560,614,1.19309000,100939.82569830,0
2026-10-03 10:46:00+00:00,84608.0,84613.93,84608.0,84613.93,2.89153,2026-10-03 10:46:59.999000+00:00,244654.30663520,266,2.15536000,182367.12855360,0
2026-10-03 10:47:00+00:00,84613.93,84629.55,84613.92,84629.55,5.31456,2026-10-03 10:47:59.999000+00:00,449728.03146750,583,4.66751000,394969.40461350,0
2026-10-03 10:48:00+00:00,84629.54,84629.55,84623.04,84623.05,7.68391,2026-10-03 10:48:59.999000+00:00,650274.18787290,846,0.73390000,62108.61079080,0
2026-10-03 10:49:00+00:00,84623.05,84623.05,84623.04,84623.05,0.67271,2026-10-03 10:49:59.999000+00:00,56926.77098100,184,0.57426000,48595.63269300,0
2026-10-03 10:50:00+00:00,84623.05,84623.05,84623.04,84623.05,0.59792,2026-10-03 10:50:59.999000+00:00,50597.81177870,142,0.37019000,31326.60687950,0
2026-10-03 10:51:00+00:00,84623.05,84623.05,84623.04,84623.05,1.566,2026-10-03 10:51:59.999000+00:00,132519.69215920,172,1.15192000,97478.98375600,0
2026-10-03 10:52:00+00:00,84623.05,84623.05,84623.04,84623.05,2.02146,2026-10-03 10:52:59.999000+00:00,171062.09517310,186,0.47347000,40066.47548350,0
2026-10-03 10:53:00+00:00,84623.05,84627.68,84623.04,84627.68,1.25798,2026-10-03 10:53:59.999000+00:00,106456.21327860,226,1.05053000,88900.58617700,0
2026-10-03 10:54:00+00:00,84627.68,84635.96,84627.67,84635.96,1.07472,2026-10-03 10:54:59.999000+00:00,90954.69811800,324,0.85731000,72555.41348160,0
2026-10-03 10:55:00+00:00,84635.96,84635.96,84635.95,84635.96,1.01248,2026-10-03 10:55:59.999000+00:00,85692.21465180,220,0.79958000,67673.22089680,0
2026-10-03 10:56:00+00:00,84635.95,84649.25,84635.95,84644.46,6.5468,2026-10-03 10:56:59.999000+00:00,554140.61848230,337,6.32282000,535183.04654030,0
2026-10-03 10:57:00+00:00,84644.46,84644.47,84644.46,84644.46,0.38259,2026-10-03 10:57:59.999000+00:00,32384.12661680,80,0.26654000,22561.13703380,0
2026-10-03 10:58:00+00:00,84644.46,84644.47,84644.46,84644.47,0.84567,2026-10-03 10:58:59.999000+00:00,71581.28534070,128,0.48525000,41073.72906750,0
2026-10-03 10:59:00+00:00,84644.46,84644.47,84636.13,84636.13,4.79107,2026-10-03 10:59:59.999000+00:00,405532.98931450,786,1.27267000,107724.03958830,0
2026-10-03 11:00:00+00:00,84636.13,84636.14,84636.13,84636.14,2.13624,2026-10-03 11:00:59.999000+00:00,180803.08947730,339,0.31261000,26458.10372540,0
2026-10-03 11:01:00+00:00,84636.13,84636.14,84633.27,84633.27,1.45809,2026-10-03 11:01:59.999000+00:00,123404.26528580,374,0.61787000,52292.37069100,0
2026-10-03 11:02:00+00:00,84633.28,84633.28,84633.27,84633.27,0.92588,2026-10-03 11:02:59.999000+00:00,78360.25456480,133,0.25372000,21473.15580160,0
2026-10-03 11:03:00+00:00,84633.27,84633.28,84633.27,84633.28,0.53905,2026-10-03 11:03:59.999000+00:00,45621.56749390,183,0.33004000,27932.36773120,0
2026-10-03 11:04:00+00:00,84633.27,84644.5,84616.03,84644.49,31.94838,2026-10-03 11:04:59.999000+00:00,2703658.44029070,1242,31.01041000,2624282.04662350,0
2026-10-03 11:05:00+00:00,84644.5,84644.5,84644.49,84644.49,0.78375,2026-10-03 11:05:59.999000+00:00,66340.12209010,132,0.30526000,25838.58007000,0
2026-10-03 11:06:00+00:00,84644.5,84644.5,84644.49,84644.5,1.61492,2026-10-03 11:06:59.999000+00:00,136694.08803440,156,0.82436000,69777.54002000,0
2026-10-03 11:07:00+00:00,84644.49,84644.5,84644.49,84644.49,1.50559,2026-10-03 11:07:59.999000+00:00,127439.91022270,165,1.25236000,106005.38602000,0
2026-10-03 11:08:00+00:00,84644.5,84644.5,84644.49,84644.5,1.42047,2026-10-03 11:08:59.999000+00:00,120234.96448820,121,0.57779000,48906.74565500,0
2026-10-03 11:09:00+00:00,84644.5,84644.5,84644.49,84644.5,4.39449,2026-10-03 11:09:59.999000+00:00,371969.37167790,168,0.68178000,57708.92721000,0
2026-10-03 11:10:00+00:00,84644.5,84644.5,84638.42,84638.42,6.42348,2026-10-03 11:10:59.999000+00:00,543691.82087020,440,0.33769000,28582.58949220,0
2026-10-03 11:11:00+00:00,84638.43,84638.43,84630.72,84630.73,2.56447,2026-10-03 11:11:59.999000+00:00,217042.08852410,301,0.53529000,45302.84470670,0
2026-10-03 11:12:00+00:00,84630.72,84638.01,84630.72,84638.01,3.12723,2026-10-03 11:12:59.999000+00:00,264673.82600320,316,1.36658000,115658.44552400,0
2026-10-03 11:13:00+00:00,84638.01,84638.01,84629.99,84630.0,4.65843,2026-10-03 11:13:59.999000+00:00,394265.65761840,392,0.47801000,40457.51262240,0
2026-10-03 11:14:00+00:00,84630.0,84645.01,84629.99,84645.0,18.36659,2026-10-03 11:14:59.999000+00:00,1554439.88438770,377,18.07807000,1530022.20896920,0
2026-10-03 11:15:00+00:00,84645.0,84645.01,84639.84,84639.84,2.63276,2026-10-03 11:15:59.999000+00:00,222844.76945850,667,0.31172000,26383.95158600,0
2026-10-03 11:16:00+00:00,84639.84,84639.85,84636.12,84636.12,0.70963,2026-10-03 11:16:59.999000+00:00,60060.85857990,228,0.25652000,21710.86806560,0
2026-10-03 11:17:00+00:00,84636.12,84636.13,84636.12,84636.13,0.8079,2026-10-03 11:17:59.999000+00:00,68377.52452390,132,0.31759000,26879.58852670,0
2026-10-03 11:18:00+00:00,84636.12,84645.01,84636.12,84645.0,5.90966,2026-10-03 11:18:59.999000+00:00,500173.49298690,411,5.74488000,486226.79333210,0
2026-10-03 11:19:00+00:00,84645.01,84645.01,84645.0,84645.01,0.47058,2026-10-03 11:19:59.999000+00:00,39832.24644700,128,0.23470000,19866.18384700,0
2026-10-03 11:20:00+00:00,84645.01,84645.01,84640.67,84640.67,8.24748,2026-10-03 11:20:59.999000+00:00,698103.86376700,583,0.38353000,32462.97904480,0
2026-10-03 11:21:00+00:00,84640.67,84640.68,84640.67,84640.68,0.76943,2026-10-03 11:21:59.999000+00:00,65125.07616650,225,0.54484000,46115.62809120,0
2026-10-03 11:22:00+00:00,84640.68,84640.68,84636.12,84636.13,1.15513,2026-10-03 11:22:59.999000+00:00,97767.28209440,382,0.45287000,38329.45790170,0
2026-10-03 11:23:00+00:00,84636.12,84636.13,84636.12,84636.12,0.79852,2026-10-03 11:23:59.999000+00:00,67583.64060410,116,0.60617000,51303.88292210,0
2026-10-03 11:24:00+00:00,84636.12,84636.13,84636.12,84636.13,0.79326,2026-10-03 11:24:59.999000+00:00,67138.45418590,162,0.56347000,47689.92017110,0
2026-10-03 11:25:00+00:00,84636.12,84636.13,84636.12,84636.13,0.64356,2026-10-03 11:25:59.999000+00:00,54468.42519650,154,0.38093000,32240.44100090,0
2026-10-03 11:26:00+00:00,84636.12,84636.13,84636.12,84636.13,0.25695,2026-10-03 11:26:59.999000+00:00,21747.25286710,107,0.18331000,15514.64899030,0
2026-10-03 11:27:00+00:00,84636.12,84636.13,84636.12,84636.13,0.7167,2026-10-03 11:27:59.999000+00:00,60658.71313290,142,0.59289000,50179.91511570,0
2026-10-03 11:28:00+00:00,84636.12,84636.13,84636.12,84636.12,0.33641,2026-10-03 11:28:59.999000+00:00,28472.43948830,152,0.23591000,19966.50942830,0
2026-10-03 11:29:00+00:00,84636.12,84651.22,84636.12,84651.22,4.48202,2026-10-03 11:29:59.999000+00:00,379386.44529800,510,4.28379000,362606.26047890,0
2026-10-03 11:30:00+00:00,84651.22,84651.22,84651.21,84651.22,1.05302,2026-10-03 11:30:59.999000+00:00,89139.42609400,167,0.89398000,75676.49765560,0
2026-10-03 11:31:00+00:00,84651.22,84651.22,84651.21,84651.21,0.40854,2026-10-03 11:31:59.999000+00:00,34583.40842120,105,0.30878000,26138.60371160,0
2026-10-03 11:32:00+00:00,84651.21,84651.22,84651.21,84651.22,0.7309,2026-10-03 11:32:59.999000+00:00,61871.57545740,127,0.60684000,51369.74634480,0
2026-10-03 11:33:00+00:00,84651.22,84651.22,84649.6,84649.61,3.00051,2026-10-03 11:33:59.999000+00:00,253994.95532390,349,1.30188000,110204.11918270,0
2026-10-03 11:34:00+00:00,84649.6,84651.22,84649.6,84651.22,5.20239,2026-10-03 11:34:59.999000+00:00,440382.15777090,360,3.47923000,294517.06929290,0
2026-10-03 11:35:00+00:00,84651.22,84658.75,84651.21,84658.74,3.61285,2026-10-03 11:35:59.999000+00:00,305836.66868650,430,1.49699000,126725.27431860,0
2026-10-03 11:36:00+00:00,84658.74,84658.75,84658.74,84658.75,0.84972,2026-10-03 11:36:59.999000+00:00,71936.23264350,196,0.80907000,68494.85486250,0
2026-10-03 11:37:00+00:00,84658.74,84658.75,84658.74,84658.75,0.41366,2026-10-03 11:37:59.999000+00:00,35019.93678900,150,0.24006000,20323.17952500,0
2026-10-03 11:38:00+00:00,84658.74,84658.75,84658.74,84658.74,3.72208,2026-10-03 11:38:59.999000+00:00,315106.63667540,201,3.36962000,285267.81717500,0
2026-10-03 11:39:00+00:00,84658.74,84658.75,84658.74,84658.74,1.72888,2026-10-03 11:39:59.999000+00:00,146364.81487480,182,1.24636000,105515.27965000,0
2026-10-03 11:40:00+00:00,84658.74,84659.46,84658.74,84659.46,2.90714,2026-10-03 11:40:59.999000+00:00,246116.62427990,572,2.53657000,214744.37629690,0
2026-10-03 11:41:00+00:00,84659.45,84659.46,84659.45,84659.45,1.56835,2026-10-03 11:41:59.999000+00:00,132775.65151410,165,0.31066000,26300.30784360,0
2026-10-03 11:42:00+00:00,84659.45,84659.46,84659.45,84659.45,1.03062,2026-10-03 11:42:59.999000+00:00,87251.72475440,146,0.23954000,20279.32704840,0
2026-10-03 11:43:00+00:00,84659.46,84659.46,84659.45,84659.45,1.25835,2026-10-03 11:43:59.999000+00:00,106531.22437990,144,0.54724000,46329.04289040,0
2026-10-03 11:44:00+00:00,84659.46,84659.46,84659.45,84659.46,2.7775,2026-10-03 11:44:59.999000+00:00,235141.62623650,230,0.38615000,32691.25047900,0
2026-10-03 11:45:00+00:00,84659.46,84671.85,84659.45,84671.85,2.39576,2026-10-03 11:45:59.999000+00:00,202826.41293500,416,1.20212000,101773.10052110,0
2026-10-03 11:46:00+00:00,84671.84,84671.85,84671.84,84671.84,0.58976,2026-10-03 11:46:59.999000+00:00,49936.06848970,151,0.41313000,34980.48139050,0
2026-10-03 11:47:00+00:00,84671.85,84680.34,84671.84,84680.34,1.66796,2026-10-03 11:47:59.999000+00:00,141235.61391890,249,1.22819000,103995.82211420,0
2026-10-03 11:48:00+00:00,84680.34,84696.01,84680.33,84696.01,1.88834,2026-10-03 11:48:59.999000+00:00,159919.63800610,365,1.26125000,106808.29404210,0
2026-10-03 11:49:00+00:00,84696.01,84696.01,84659.43,84659.44,24.61128,2026-10-03 11:49:59.999000+00:00,2083861.88759280,1315,1.43316000,121342.53368180,0
2026-10-03 11:50:00+00:00,84659.44,84686.0,84659.43,84686.0,2.99874,2026-10-03 11:50:59.999000+00:00,253916.64481570,609,2.88760000,244506.03754540,0
2026-10-03 11:51:00+00:00,84686.0,84686.0,84685.99,84686.0,0.43374,2026-10-03 11:51:59.999000+00:00,36731.70473530,103,0.34327000,29070.16322000,0
2026-10-03 11:52:00+00:00,84686.0,84686.0,84685.99,84685.99,0.69922,2026-10-03 11:52:59.999000+00:00,59214.14178330,165,0.38555000,32650.68730000,0
2026-10-03 11:53:00+00:00,84686.0,84686.0,84685.99,84686.0,0.80256,2026-10-03 11:53:59.999000+00:00,67965.59416190,156,0.60275000,51044.48650000,0
2026-10-03 11:54:00+00:00,84685.99,84686.0,84685.99,84686.0,0.52554,2026-10-03 11:54:59.999000+00:00,44505.87782670,179,0.26421000,22374.88806000,0
2026-10-03 11:55:00+00:00,84685.99,84686.0,84685.99,84685.99,0.65923,2026-10-03 11:55:59.999000+00:00,55827.54942990,251,0.42422000,35925.49492000,0
2026-10-03 11:56:00+00:00,84685.99,84686.0,84684.36,84684.37,5.1732,2026-10-03 11:56:59.999000+00:00,438093.82179330,566,0.36912000,31259.09454230,0
2026-10-03 11:57:00+00:00,84684.37,84684.37,84683.0,84683.0,1.13106,2026-10-03 11:57:59.999000+00:00,95781.69304190,456,0.53390000,45212.26305100,0
2026-10-03 11:58:00+00:00,84683.01,84683.01,84672.0,84672.0,2.91953,2026-10-03 11:58:59.999000+00:00,247218.18220300,378,0.62826000,53200.49893260,0
2026-10-03 11:59:00+00:00,84672.01,84672.01,84672.0,84672.01,0.68032,2026-10-03 11:59:59.999000+00:00,57604.06061570,235,0.55757000,47210.57261570,0
2026-10-03 12:00:00+00:00,84672.01,84681.84,84672.0,84680.76,3.36431,2026-10-03 12:00:59.999000+00:00,284879.58788200,480,2.20801000,186969.56514400,0
2026-10-03 12:01:00+00:00,84680.77,84688.84,84680.76,84688.84,2.24052,2026-10-03 12:01:59.999000+00:00,189743.45158260,347,2.08960000,176962.31479890,0
2026-10-03 12:02:00+00:00,84688.84,84688.85,84688.83,84688.85,1.40041,2026-10-03 12:02:59.999000+00:00,118599.09750560,377,0.98028000,83018.77789200,0
2026-10-03 12:03:00+00:00,84688.85,84696.0,84688.84,84696.0,1.82415,2026-10-03 12:03:59.999000+00:00,154493.63487740,480,1.56697000,132711.99945070,0
2026-10-03 12:04:00+00:00,84696.0,84696.0,84695.99,84696.0,0.71528,2026-10-03 12:04:59.999000+00:00,60581.35395520,125,0.62280000,52748.66880000,0
2026-10-03 12:05:00+00:00,84696.0,84696.0,84695.99,84696.0,0.40674,2026-10-03 12:05:59.999000+00:00,34449.24964220,162,0.26696000,22610.44416000,0
2026-10-03 12:06:00+00:00,84695.99,84696.0,84695.99,84696.0,1.39112,2026-10-03 12:06:59.999000+00:00,117822.29112660,203,0.55178000,46733.55888000,0
2026-10-03 12:07:00+00:00,84695.99,84696.0,84678.05,84690.01,15.13086,2026-10-03 12:07:59.999000+00:00,1281305.56866790,943,8.14796000,689964.43474410,0
2026-10-03 12:08:00+00:00,84690.01,84690.01,84689.99,84689.99,3.40543,2026-10-03 12:08:59.999000+00:00,288405.86818530,267,0.30280000,25644.13469350,0
2026-10-03 12:09:00+00:00,84690.0,84690.0,84687.28,84687.29,1.48436,2026-10-03 12:09:59.999000+00:00,125708.44400600,269,0.55886000,47329.21766110,0
2026-10-03 12:10:00+00:00,84687.29,84687.29,84687.28,84687.28,0.62278,2026-10-03 12:10:59.999000+00:00,52741.54788570,117,0.36473000,30887.99528170,0
2026-10-03 12:11:00+00:00,84687.29,84695.82,84687.28,84695.82,4.23015,2026-10-03 12:11:59.999000+00:00,358247.69729880,553,4.02440000,340822.32204080,0
2026-10-03 12:12:00+00:00,84695.82,84696.0,84695.81,84696.0,1.29599,2026-10-03 12:12:59.999000+00:00,109765.10805820,215,1.23563000,104652.86043460,0
2026-10-03 12:13:00+00:00,84696.0,84696.0,84695.99,84695.99,1.34991,2026-10-03 12:13:59.999000+00:00,114331.96673220,94,0.28713000,24318.76248000,0
2026-10-03 12:14:00+00:00,84696.0,84696.0,84695.99,84695.99,0.52602,2026-10-03 12:14:59.999000+00:00,44551.78903910,114,0.43793000,37090.91928000,0
2026-10-03 12:15:00+00:00,84696.0,84703.22,84695.99,84698.75,13.52918,2026-10-03 12:15:59.999000+00:00,1145917.04012550,621,6.34056000,537032.20270420,0
2026-10-03 12:16:00+00:00,84698.74,84714.49,84698.74,84714.49,5.31502,2026-10-03 12:16:59.999000+00:00,450189.99875840,458,2.71158000,229677.81148360,0
2026-10-03 12:17:00+00:00,84714.48,84731.16,84714.48,84730.21,6.77086,2026-10-03 12:17:59.999000+00:00,573665.35477280,526,5.53253000,468742.58375120,0
2026-10-03 12:18:00+00:00,84730.2,84791.53,84730.2,84790.0,16.11938,2026-10-03 12:18:59.999000+00:00,1366403.41938860,2253,13.20197000,1119090.35512830,0
2026-10-03 12:19:00+00:00,84789.99,84794.76,84780.34,84794.76,3.93914,2026-10-03 12:19:59.999000+00:00,333994.99603800,592,2.55310000,216474.81797210,0
2026-10-03 12:20:00+00:00,84794.75,84840.01,84794.75,84840.01,23.57758,2026-10-03 12:20:59.999000+00:00,1999665.08924620,1890,16.19808000,1373689.38719760,0
2026-10-03 12:21:00+00:00,84840.0,84881.1,84840.0,84860.0,21.82647,2026-10-03 12:21:59.999000+00:00,1852165.10443250,1629,15.13778000,1284523.73926100,0
2026-10-03 12:22:00+00:00,84860.0,84863.97,84844.98,84854.0,15.38956,2026-10-03 12:22:59.999000+00:00,1305904.71584740,1864,8.64951000,733989.34649840,0
2026-10-03 12:23:00+00:00,84854.0,84882.42,84850.8,84882.42,7.91701,2026-10-03 12:23:59.999000+00:00,671877.24604300,906,6.00424000,509571.54754180,0
2026-10-03 12:24:00+00:00,84882.41,84882.42,84860.91,84860.92,6.37645,2026-10-03 12:24:59.999000+00:00,541199.84552850,833,0.92675000,78660.33645020,0
2026-10-03 12:25:00+00:00,84860.91,84921.66,84860.91,84894.0,24.73149,2026-10-03 12:25:59.999000+00:00,2099729.02476980,2419,17.65129000,1498590.87119340,0
2026-10-03 12:26:00+00:00,84894.0,84916.0,84894.0,84904.02,3.88308,2026-10-03 12:26:59.999000+00:00,329686.35738150,702,2.98545000,253468.00102810,0
2026-10-03 12:27:00+00:00,84904.01,84904.02,84862.97,84862.98,11.41366,2026-10-03 12:27:59.999000+00:00,968794.53808810,1201,2.65883000,225646.26954040,0
2026-10-03 12:28:00+00:00,84862.97,84869.56,84862.97,84869.56,3.61282,2026-10-03 12:28:59.999000+00:00,306600.65336290,658,3.20872000,272306.92078520,0
2026-10-03 12:29:00+00:00,84870.01,84871.37,84852.0,84861.4,16.85264,2026-10-03 12:29:59.999000+00:00,1430141.05729740,1098,6.34709000,538572.45105550,0
2026-10-03 12:30:00+00:00,84861.41,84861.41,84859.45,84859.45,1.83848,2026-10-03 12:30:59.999000+00:00,156014.67324520,398,0.38347000,32541.34594720,0
2026-10-03 12:31:00+00:00,84859.46,84859.46,84852.01,84852.01,7.19067,2026-10-03 12:31:59.999000+00:00,610186.44017290,508,1.73290000,147048.00488940,0
2026-10-03 12:32:00+00:00,84852.01,84852.02,84852.0,84852.01,5.39933,2026-10-03 12:32:59.999000+00:00,458143.99787830,246,0.14035000,11908.98034700,0
2026-10-03 12:33:00+00:00,84852.0,84859.4,84852.0,84859.39,6.45356,2026-10-03 12:33:59.999000+00:00,547616.13686230,428,4.54930000,386035.74222960,0
2026-10-03 12:34:00+00:00,84859.4,84859.4,84859.39,84859.39,9.0479,2026-10-03 12:34:59.999000+00:00,767799.28830420,276,1.35232000,114757.06380800,0
2026-10-03 12:35:00+00:00,84859.4,84895.52,84859.39,84870.0,19.47202,2026-10-03 12:35:59.999000+00:00,1652836.58268010,2201,9.18415000,779531.60689190,0
2026-10-03 12:36:00+00:00,84870.0,84872.01,84866.66,84872.0,3.86443,2026-10-03 12:36:59.999000+00:00,327968.55873040,602,1.81221000,153802.29418570,0
2026-10-03 12:37:00+00:00,84872.01,84889.04,84872.0,84889.03,2.28992,2026-10-03 12:37:59.999000+00:00,194373.33728480,556,1.36948000,116241.48017050,0
2026-10-03 12:38:00+00:00,84889.04,84897.72,84889.03,84897.72,5.82017,2026-10-03 12:38:59.999000+00:00,494114.71969160,428,5.21906000,443082.72609180,0
2026-10-03 12:39:00+00:00,84897.71,84911.98,84883.66,84896.02,9.77377,2026-10-03 12:39:59.999000+00:00,829765.32184180,1388,4.79877000,407392.73586770,0
2026-10-03 12:40:00+00:00,84896.01,84896.02,84878.01,84878.02,6.29774,2026-10-03 12:40:59.999000+00:00,534622.03051910,1092,2.10925000,179059.05924860,0
2026-10-03 12:41:00+00:00,84878.01,84878.01,84825.02,84832.01,10.34632,2026-10-03 12:41:59.999000+00:00,877911.47925900,1484,1.68740000,143148.35791710,0
2026-10-03 12:42:00+00:00,84832.0,84840.84,84785.5,84793.37,15.41539,2026-10-03 12:42:59.999000+00:00,1307325.26919440,2375,7.25910000,615529.53804160,0
2026-10-03 12:43:00+00:00,84793.37,84829.78,84793.37,84829.74,3.31223,2026-10-03 12:43:59.999000+00:00,280931.01613480,908,2.49432000,211551.05676490,0
2026-10-03 12:44:00+00:00,84829.75,84829.75,84822.01,84822.01,4.48516,2026-10-03 12:44:59.999000+00:00,380446.69095270,631,2.22644000,188852.62589810,0
2026-10-03 12:45:00+00:00,84822.02,84822.02,84822.01,84822.02,1.37354,2026-10-03 12:45:59.999000+00:00,116506.43422790,167,1.06125000,90017.36872500,0
2026-10-03 12:46:00+00:00,84822.01,84824.01,84822.01,84824.0,4.42116,2026-10-03 12:46:59.999000+00:00,375012.37699250,349,3.81748000,323806.70221660,0
2026-10-03 12:47:00+00:00,84824.0,84834.01,84824.0,84834.0,3.62757,2026-10-03 12:47:59.999000+00:00,307707.69905220,359,0.74065000,62827.32896750,0
2026-10-03 12:48:00+00:00,84834.0,84847.46,84834.0,84847.46,1.53128,2026-10-03 12:48:59.999000+00:00,129918.90421460,464,1.06394000,90266.90762110,0
2026-10-03 12:49:00+00:00,84847.46,84847.46,84838.0,84838.01,2.96321,2026-10-03 12:49:59.999000+00:00,251400.34139430,667,0.95440000,80969.40761150,0
2026-10-03 12:50:00+00:00,84838.0,84838.01,84838.0,84838.01,0.85082,2026-10-03 12:50:59.999000+00:00,72181.87022200,219,0.30620000,25977.39866200,0
2026-10-03 12:51:00+00:00,84838.01,84838.01,84838.0,84838.01,1.25567,2026-10-03 12:51:59.999000+00:00,106528.53430300,165,0.28430000,24119.44624300,0
2026-10-03 12:52:00+00:00,84838.0,84842.88,84838.0,84842.88,1.80576,2026-10-03 12:52:59.999000+00:00,153203.96015620,406,1.09487000,92890.05478280,0
2026-10-03 12:53:00+00:00,84842.88,84870.94,84842.87,84870.94,3.17382,2026-10-03 12:53:59.999000+00:00,269321.33620710,684,2.82535000,239750.60312440,0
2026-10-03 12:54:00+00:00,84870.94,84889.55,84870.93,84889.55,4.67216,2026-10-03 12:54:59.999000+00:00,396555.99315740,625,3.54306000,300723.48606080,0
2026-10-03 12:55:00+00:00,84889.55,84908.48,84889.54,84908.48,10.82743,2026-10-03 12:55:59.999000+00:00,919269.71267920,403,10.51685000,892899.39490490,0
2026-10-03 12:56:00+00:00,84908.48,84914.01,84908.47,84914.0,2.01089,2026-10-03 12:56:59.999000+00:00,170742.53224010,366,0.88476000,75124.54021840,0
2026-10-03 12:57:00+00:00,84914.0,84926.47,84914.0,84921.28,5.71469,2026-10-03 12:57:59.999000+00:00,485314.96853760,847,2.48716000,211219.53081570,0
2026-10-03 12:58:00+00:00,84921.29,84921.29,84900.01,84900.02,6.9045,2026-10-03 12:58:59.999000+00:00,586300.63070970,1702,0.76102000,64622.12510430,0
2026-10-03 12:59:00+00:00,84900.02,84900.02,84888.01,84888.02,3.45386,2026-10-03 12:59:59.999000+00:00,293209.02432890,952,1.27095000,107895.12675110,0
2026-10-03 13:00:00+00:00,84888.02,84896.22,84870.82,84870.83,4.53705,2026-10-03 13:00:59.999000+00:00,385120.63985730,835,1.21804000,103394.05207490,0
2026-10-03 13:01:00+00:00,84870.83,84870.83,84864.0,84864.09,4.51223,2026-10-03 13:01:59.999000+00:00,382951.38162000,414,0.70640000,59950.46122920,0
2026-10-03 13:02:00+00:00,84864.08,84864.09,84843.29,84843.29,1.80388,2026-10-03 13:02:59.999000+00:00,153058.31000450,610,0.26900000,22824.13006840,0
2026-10-03 13:03:00+00:00,84843.29,84860.01,84843.29,84860.01,2.08501,2026-10-03 13:03:59.999000+00:00,176911.44503300,846,1.89395000,160698.86350140,0
2026-10-03 13:04:00+00:00,84860.01,84864.01,84859.99,84860.0,2.99743,2026-10-03 13:04:59.999000+00:00,254365.80677640,585,1.26178000,107075.86177980,0
2026-10-03 13:05:00+00:00,84859.99,84859.99,84846.0,84846.01,2.86746,2026-10-03 13:05:59.999000+00:00,243318.20077080,546,0.32486000,27566.47038640,0
2026-10-03 13:06:00+00:00,84846.0,84846.01,84829.77,84837.76,4.7662,2026-10-03 13:06:59.999000+00:00,404367.16555700,764,1.05417000,89430.33869810,0
2026-10-03 13:07:00+00:00,84837.76,84837.76,84831.12,84831.12,1.85956,2026-10-03 13:07:59.999000+00:00,157751.92128230,440,0.26700000,22650.77260440,0
2026-10-03 13:08:00+00:00,84831.12,84831.13,84830.58,84830.59,2.21706,2026-10-03 13:08:59.999000+00:00,188075.31392600,420,0.50159000,42550.33103030,0
2026-10-03 13:09:00+00:00,84830.59,84860.15,84828.0,84860.03,47.69266,2026-10-03 13:09:59.999000+00:00,4046400.13313090,983,43.85787000,3720998.55122870,0
2026-10-03 13:10:00+00:00,84860.03,84872.61,84860.02,84872.61,2.58383,2026-10-03 13:10:59.999000+00:00,219271.34157050,559,2.26272000,192021.87186730,0
2026-10-03 13:11:00+00:00,84872.61,84872.61,84872.0,84872.0,0.8015,2026-10-03 13:11:59.999000+00:00,68025.34355460,302,0.22332000,18953.75126520,0
2026-10-03 13:12:00+00:00,84872.0,84872.01,84844.92,84844.92,7.72109,2026-10-03 13:12:59.999000+00:00,655190.24394230,1126,0.23472000,19917.51082650,0
2026-10-03 13:13:00+00:00,84844.93,84853.32,84842.0,84853.32,3.31984,2026-10-03 13:13:59.999000+00:00,281669.07879230,707,2.14252000,181781.68422430,0
2026-10-03 13:14:00+00:00,84853.32,84853.32,84853.31,84853.32,0.51637,2026-10-03 13:14:59.999000+00:00,43815.70741560,208,0.37309000,31657.92515880,0
2026-10-03 13:15:00+00:00,84853.32,84853.32,84840.66,84840.67,3.77355,2026-10-03 13:15:59.999000+00:00,320168.88832410,664,1.00022000,84861.48839920,0
2026-10-03 13:16:00+00:00,84840.67,84840.67,84840.66,84840.67,0.89647,2026-10-03 13:16:59.999000+00:00,76057.10997130,152,0.35011000,29703.56697370,0
2026-10-03 13:17:00+00:00,84840.66,84840.67,84836.0,84836.01,2.24948,2026-10-03 13:17:59.999000+00:00,190845.00113430,536,0.29505000,25032.04842250,0
2026-10-03 13:18:00+00:00,84836.0,84836.01,84822.0,84822.0,3.09454,2026-10-03 13:18:59.999000+00:00,262493.54653300,532,0.17685000,15001.76002850,0
2026-10-03 13:19:00+00:00,84822.01,84822.01,84812.12,84812.12,2.62808,2026-10-03 13:19:59.999000+00:00,222901.54979710,578,0.56302000,47754.04514140,0
2026-10-03 13:20:00+00:00,84812.13,84812.13,84795.56,84795.57,5.03208,2026-10-03 13:20:59.999000+00:00,426737.34686380,954,0.43566000,36944.43454960,0
2026-10-03 13:21:00+00:00,84795.56,84795.56,84770.35,84790.6,7.39822,2026-10-03 13:21:59.999000+00:00,627238.79459350,1334,2.80827000,238077.19066480,0
2026-10-03 13:22:00+00:00,84790.61,84790.61,84789.24,84789.24,2.00916,2026-10-03 13:22:59.999000+00:00,170357.17950860,373,0.40897000,34676.79887570,0
2026-10-03 13:23:00+00:00,84789.24,84797.37,84782.42,84797.37,4.08535,2026-10-03 13:23:59.999000+00:00,346381.52104490,1177,2.77319000,235125.39122950,0
2026-10-03 13:24:00+00:00,84797.36,84797.37,84797.36,84797.36,0.70896,2026-10-03 13:24:59.999000+00:00,60117.93830810,147,0.19625000,16641.48386250,0
2026-10-03 13:25:00+00:00,84797.36,84820.01,84797.36,84820.0,5.92734,2026-10-03 13:25:59.999000+00:00,502689.41348430,724,4.96861000,421371.33083910,0
2026-10-03 13:26:00+00:00,84820.01,84820.01,84820.0,84820.0,0.65015,2026-10-03 13:26:59.999000+00:00,55145.72567910,128,0.26791000,22724.12887910,0
2026-10-03 13:27:00+00:00,84820.01,84820.01,84812.03,84812.04,1.78785,2026-10-03 13:27:59.999000+00:00,151639.95206770,325,0.32684000,27720.80695250,0
2026-10-03 13:28:00+00:00,84812.03,84812.04,84812.0,84812.0,0.98152,2026-10-03 13:28:59.999000+00:00,83244.69805570,241,0.18042000,15301.78444920,0
2026-10-03 13:29:00+00:00,84812.0,84812.01,84812.0,84812.01,3.65165,2026-10-03 13:29:59.999000+00:00,309703.77114230,156,3.13423000,265820.34610230,0
2026-10-03 13:30:00+00:00,84812.01,84812.01,84812.0,84812.01,0.37559,2026-10-03 13:30:59.999000+00:00,31854.54041980,126,0.13398000,11363.11309980,0
2026-10-03 13:31:00+00:00,84812.01,84812.01,84812.0,84812.0,1.44694,2026-10-03 13:31:59.999000+00:00,122717.88639120,116,1.11112000,94236.32055120,0
2026-10-03 13:32:00+00:00,84812.0,84812.01,84812.0,84812.0,0.44552,2026-10-03 13:32:59.999000+00:00,37785.44506350,149,0.28235000,23946.67102350,0
2026-10-03 13:33:00+00:00,84812.0,84828.01,84812.0,84828.0,6.09025,2026-10-03 13:33:59.999000+00:00,516546.58454560,722,3.31767000,281396.37237780,0
2026-10-03 13:34:00+00:00,84828.01,84912.01,84828.01,84912.01,13.78582,2026-10-03 13:34:59.999000+00:00,1170011.52430340,1285,12.74993000,1082074.87014050,0
2026-10-03 13:35:00+00:00,84912.01,84962.2,84912.0,84960.32,14.94562,2026-10-03 13:35:59.999000+00:00,1269417.93840040,1246,13.19017000,1120285.68494670,0
2026-10-03 13:36:00+00:00,84960.33,84962.2,84934.57,84934.57,6.67466,2026-10-03 13:36:59.999000+00:00,567021.32865870,1407,1.38385000,117571.00204850,0
2026-10-03 13:37:00+00:00,84934.58,84934.58,84905.37,84909.67,5.30149,2026-10-03 13:37:59.999000+00:00,450203.17353480,1745,1.58214000,134340.47315660,0
2026-10-03 13:38:00+00:00,84909.68,84920.01,84903.84,84908.0,4.21579,2026-10-03 13:38:59.999000+00:00,357961.86217690,658,2.81005000,238599.24971350,0
2026-10-03 13:39:00+00:00,84908.0,84908.01,84908.0,84908.01,3.26187,2026-10-03 13:39:59.999000+00:00,276958.86807580,193,1.01158000,85891.24475580,0
2026-10-03 13:40:00+00:00,84908.0,84918.75,84908.0,84911.2,5.38671,2026-10-03 13:40:59.999000+00:00,457415.43018830,638,1.66884000,141703.84599470,0
2026-10-03 13:41:00+00:00,84911.2,84911.59,84911.19,84911.59,4.01548,2026-10-03 13:41:59.999000+00:00,340959.32325790,262,3.13021000,265789.95133090,0
2026-10-03 13:42:00+00:00,84911.59,84911.59,84900.15,84900.15,5.52383,2026-10-03 13:42:59.999000+00:00,469028.97410500,731,0.43758000,37155.39032430,0
2026-10-03 13:43:00+00:00,84900.16,84900.16,84882.89,84882.89,4.69355,2026-10-03 13:43:59.999000+00:00,398439.39868610,649,0.41015000,34817.26409530,0
2026-10-03 13:44:00+00:00,84882.89,84882.89,84833.42,84833.43,4.95892,2026-10-03 13:44:59.999000+00:00,420814.01784320,2157,0.53140000,45090.46334150,0
2026-10-03 13:45:00+00:00,84833.43,84833.43,84833.42,84833.42,1.65375,2026-10-03 13:45:59.999000+00:00,140293.28330920,234,1.49842000,127116.10818060,0
2026-10-03 13:46:00+00:00,84833.43,84848.87,84833.42,84848.86,3.1022,2026-10-03 13:46:59.999000+00:00,263181.94747650,439,2.21464000,187885.55998070,0
2026-10-03 13:47:00+00:00,84848.86,84848.87,84848.86,84848.86,1.06186,2026-10-03 13:47:59.999000+00:00,90097.62020740,124,0.97278000,82539.28375860,0
2026-10-03 13:48:00+00:00,84848.87,84871.84,84848.86,84871.83,3.78212,2026-10-03 13:48:59.999000+00:00,320947.72706980,494,3.52443000,299081.33915030,0
2026-10-03 13:49:00+00:00,84871.84,84871.84,84871.83,84871.83,0.68131,2026-10-03 13:49:59.999000+00:00,57824.03128860,133,0.47913000,40664.64469920,0
2026-10-03 13:50:00+00:00,84871.83,84871.84,84871.83,84871.83,0.5611,2026-10-03 13:50:59.999000+00:00,47621.58671360,134,0.29006000,24617.92591040,0
2026-10-03 13:51:00+00:00,84871.83,84871.84,84871.83,84871.84,1.384,2026-10-03 13:51:59.999000+00:00,117462.62480770,199,1.20877000,102590.53403680,0
2026-10-03 13:52:00+00:00,84871.84,84876.93,84871.83,84876.93,1.52564,2026-10-03 13:52:59.999000+00:00,129484.59730200,238,1.30433000,110701.58893620,0
2026-10-03 13:53:00+00:00,84876.92,84876.93,84876.92,84876.92,1.2869,2026-10-03 13:53:59.999000+00:00,109228.11298060,159,0.46326000,39320.08659180,0
2026-10-03 13:54:00+00:00,84876.93,84878.01,84876.92,84878.0,4.02062,2026-10-03 13:54:59.999000+00:00,341260.87844710,274,2.57222000,218323.60503070,0
2026-10-03 13:55:00+00:00,84878.01,84878.01,84878.0,84878.01,0.89325,2026-10-03 13:55:59.999000+00:00,75817.27805300,93,0.45530000,38644.95795300,0
2026-10-03 13:56:00+00:00,84878.01,84878.01,84878.0,84878.0,1.35692,2026-10-03 13:56:59.999000+00:00,115172.65752630,141,0.17663000,14992.00290630,0
2026-10-03 13:57:00+00:00,84878.01,84878.01,84878.0,84878.01,3.56848,2026-10-03 13:57:59.999000+00:00,302885.44970230,156,0.42623000,36177.55420230,0
2026-10-03 13:58:00+00:00,84878.0,84878.01,84872.82,84872.82,6.358,2026-10-03 13:58:59.999000+00:00,539647.63960020,878,0.39748000,33736.94645880,0
2026-10-03 13:59:00+00:00,84872.82,84872.83,84870.03,84870.04,2.48297,2026-10-03 13:59:59.999000+00:00,210732.31833670,697,0.26159000,22201.26688770,0
2026-10-03 14:00:00+00:00,84870.03,84870.04,84851.16,84851.17,5.10215,2026-10-03 14:00:59.999000+00:00,432974.12534680,1114,1.67538000,142172.59746730,0
2026-10-03 14:01:00+00:00,84851.16,84851.17,84842.24,84842.25,2.53037,2026-10-03 14:01:59.999000+00:00,214686.45048890,534,0.80188000,68033.75067880,0
2026-10-03 14:02:00+00:00,84842.25,84842.25,84825.25,84825.25,5.08564,2026-10-03 14:02:59.999000+00:00,431432.99001070,1343,0.47580000,40364.36432630,0
2026-10-03 14:03:00+00:00,84825.26,84825.26,84810.0,84810.0,7.08435,2026-10-03 14:03:59.999000+00:00,600882.37199120,1110,0.66420000,56338.35205740,0
2026-10-03 14:04:00+00:00,84810.01,84810.01,84798.31,84798.32,4.79222,2026-10-03 14:04:59.999000+00:00,406397.05770430,1125,1.28285000,108784.95932570,0
2026-10-03 14:05:00+00:00,84798.32,84800.0,84798.31,84800.0,9.37563,2026-10-03 14:05:59.999000+00:00,795049.81668250,450,8.60430000,729641.45018140,0
2026-10-03 14:06:00+00:00,84799.99,84800.0,84780.16,84780.16,4.6913,2026-10-03 14:06:59.999000+00:00,397783.55611950,1094,1.05390000,89368.62307380,0
2026-10-03 14:07:00+00:00,84780.17,84812.01,84774.0,84812.0,13.35829,2026-10-03 14:07:59.999000+00:00,1132619.33404200,1188,12.07655000,1023945.78275320,0
2026-10-03 14:08:00+00:00,84812.0,84812.01,84812.0,84812.0,0.98444,2026-10-03 14:08:59.999000+00:00,83492.33145770,161,0.61777000,52394.31541770,0
2026-10-03 14:09:00+00:00,84812.01,84812.01,84812.0,84812.01,0.54413,2026-10-03 14:09:59.999000+00:00,46148.75707100,138,0.35110000,29777.49671100,0
2026-10-03 14:10:00+00:00,84812.0,84812.01,84812.0,84812.0,1.13182,2026-10-03 14:10:59.999000+00:00,95991.92731630,167,0.94763000,80370.40503630,0
2026-10-03 14:11:00+00:00,84812.0,84812.01,84798.72,84798.73,4.50627,2026-10-03 14:11:59.999000+00:00,382168.80279140,653,1.00571000,85288.96283790,0
2026-10-03 14:12:00+00:00,84798.72,84798.72,84792.42,84792.43,1.27442,2026-10-03 14:12:59.999000+00:00,108063.01005400,453,0.21263000,18029.48679250,0
2026-10-03 14:13:00+00:00,84792.43,84792.43,84792.42,84792.43,0.90417,2026-10-03 14:13:59.999000+00:00,76666.76793730,251,0.55459000,47025.03375370,0
2026-10-03 14:14:00+00:00,84792.43,84792.43,84792.42,84792.42,0.80139,2026-10-03 14:14:59.999000+00:00,67951.80368930,169,0.62255000,52787.52729650,0
2026-10-03 14:15:00+00:00,84792.42,84792.43,84792.42,84792.43,1.23973,2026-10-03 14:15:59.999000+00:00,105119.71657800,220,0.97314000,82514.90533020,0
2026-10-03 14:16:00+00:00,84792.43,84802.01,84792.42,84802.01,4.0359,2026-10-03 14:16:59.999000+00:00,342234.63434880,422,3.37346000,286063.31967900,0
2026-10-03 14:17:00+00:00,84802.0,84802.01,84802.0,84802.0,1.24124,2026-10-03 14:17:59.999000+00:00,105259.64176430,167,0.72843000,61772.32814430,0
2026-10-03 14:18:00+00:00,84802.0,84808.01,84802.0,84808.01,2.53442,2026-10-03 14:18:59.999000+00:00,214927.40728670,314,2.03133000,172262.25458670,0
2026-10-03 14:19:00+00:00,84808.01,84808.01,84808.0,84808.0,0.51836,2026-10-03 14:19:59.999000+00:00,43961.07817280,184,0.32928000,27925.58153280,0
2026-10-03 14:20:00+00:00,84808.01,84808.01,84808.0,84808.0,0.4913,2026-10-03 14:20:59.999000+00:00,41666.17397760,163,0.35776000,30340.91365760,0
2026-10-03 14:21:00+00:00,84808.01,84821.52,84808.0,84821.52,4.02809,2026-10-03 14:21:59.999000+00:00,341629.06670500,337,3.57773000,303434.27194360,0
2026-10-03 14:22:00+00:00,84821.51,84821.52,84821.51,84821.51,0.70599,2026-10-03 14:22:59.999000+00:00,59883.14283970,183,0.49948000,42366.65280960,0
2026-10-03 14:23:00+00:00,84821.52,84821.52,84821.51,84821.51,0.81296,2026-10-03 14:23:59.999000+00:00,68956.50077640,173,0.60068000,50950.59063360,0
2026-10-03 14:24:00+00:00,84821.52,84821.52,84821.51,84821.52,1.16272,2026-10-03 14:24:59.999000+00:00,98623.67441220,167,0.83050000,70444.27236000,0
2026-10-03 14:25:00+00:00,84821.52,84824.01,84821.51,84824.01,2.16624,2026-10-03 14:25:59.999000+00:00,183745.51498380,463,2.02383000,171665.80080600,0
2026-10-03 14:26:00+00:00,84824.0,84836.07,84824.0,84836.07,1.92132,2026-10-03 14:26:59.999000+00:00,162980.15664380,518,1.84094000,156161.88226280,0
2026-10-03 14:27:00+00:00,84836.07,84840.01,84822.6,84822.61,7.21719,2026-10-03 14:27:59.999000+00:00,612268.80260280,1033,1.88747000,160116.68980800,0
2026-10-03 14:28:00+00:00,84822.6,84828.01,84822.6,84828.01,1.57979,2026-10-03 14:28:59.999000+00:00,134003.66011270,247,1.51163000,128221.86835870,0
2026-10-03 14:29:00+00:00,84828.01,84828.01,84826.0,84826.0,13.24306,2026-10-03 14:29:59.999000+00:00,1123380.99363770,394,0.25035000,21236.19656350,0
2026-10-03 14:30:00+00:00,84826.01,84826.01,84826.0,84826.01,1.45415,2026-10-03 14:30:59.999000+00:00,123349.73585370,245,0.79537000,67468.06357370,0
2026-10-03 14:31:00+00:00,84826.01,84826.01,84816.0,84816.01,4.66486,2026-10-03 14:31:59.999000+00:00,395694.43121240,516,0.93964000,79705.86393640,0
2026-10-03 14:32:00+00:00,84816.0,84816.01,84801.6,84801.6,2.49043,2026-10-03 14:32:59.999000+00:00,211210.49796190,822,0.36242000,30736.02035970,0
2026-10-03 14:33:00+00:00,84801.61,84801.61,84793.36,84793.37,2.09151,2026-10-03 14:33:59.999000+00:00,177359.08267730,386,0.80009000,67847.53805330,0
2026-10-03 14:34:00+00:00,84793.37,84793.37,84793.36,84793.37,2.66649,2026-10-03 14:34:59.999000+00:00,226100.67136940,160,2.48630000,210821.75583100,0
2026-10-03 14:35:00+00:00,84793.37,84793.37,84768.53,84768.53,8.93999,2026-10-03 14:35:59.999000+00:00,758011.41514590,970,0.38844000,32932.95294070,0
2026-10-03 14:36:00+00:00,84768.54,84768.54,84768.53,84768.53,0.7258,2026-10-03 14:36:59.999000+00:00,61525.00283050,138,0.37565000,31843.30205100,0
2026-10-03 14:37:00+00:00,84768.53,84768.54,84768.53,84768.54,6.16983,2026-10-03 14:37:59.999000+00:00,523007.47784590,298,5.83960000,495014.36618400,0
2026-10-03 14:38:00+00:00,84768.54,84768.54,84756.11,84756.12,15.14363,2026-10-03 14:38:59.999000+00:00,1283656.04939660,1177,1.39438000,118194.93929280,0
2026-10-03 14:39:00+00:00,84756.11,84756.12,84756.11,84756.12,2.65086,2026-10-03 14:39:59.999000+00:00,224676.58922430,281,0.74697000,63310.27895640,0
2026-10-03 14:40:00+00:00,84756.12,84756.12,84745.44,84745.45,3.04086,2026-10-03 14:40:59.999000+00:00,257716.65785880,789,0.35284000,29904.07637820,0
2026-10-03 14:41:00+00:00,84745.45,84745.45,84745.44,84745.45,1.21167,2026-10-03 14:41:59.999000+00:00,102683.51609490,131,0.88101000,74661.58890450,0
2026-10-03 14:42:00+00:00,84745.44,84745.45,84745.44,84745.44,0.66813,2026-10-03 14:42:59.999000+00:00,56620.97640610,157,0.55789000,47278.63910050,0
2026-10-03 14:43:00+00:00,84745.44,84752.01,84745.44,84752.01,5.23884,2026-10-03 14:43:59.999000+00:00,443975.15852260,316,5.17623000,438668.96182020,0
2026-10-03 14:44:00+00:00,84752.01,84752.01,84752.0,84752.0,1.62936,2026-10-03 14:44:59.999000+00:00,138091.53409810,304,1.53781000,130332.48849810,0
2026-10-03 14:45:00+00:00,84752.0,84774.01,84752.0,84774.0,5.51064,2026-10-03 14:45:59.999000+00:00,467061.86146280,879,5.40545000,458146.02906280,0
2026-10-03 14:46:00+00:00,84774.01,84793.36,84774.0,84793.36,6.7463,2026-10-03 14:46:59.999000+00:00,571971.38058170,1039,5.58964000,473896.31772160,0
2026-10-03 14:47:00+00:00,84793.36,84793.36,84793.35,84793.36,0.83198,2026-10-03 14:47:59.999000+00:00,70546.37880020,231,0.74672000,63316.89777920,0
2026-10-03 14:48:00+00:00,84793.36,84838.7,84793.35,84838.7,5.60618,2026-10-03 14:48:59.999000+00:00,475467.63758530,943,5.33769000,452693.99785630,0
2026-10-03 14:49:00+00:00,84838.7,84851.37,84838.7,84851.37,3.51547,2026-10-03 14:49:59.999000+00:00,298278.67021430,702,3.05832000,259489.22009010,0
2026-10-03 14:50:00+00:00,84851.37,84851.37,84844.17,84844.87,4.37759,2026-10-03 14:50:59.999000+00:00,371435.67974480,390,0.38415000,32594.12511550,0
2026-10-03 14:51:00+00:00,84844.86,84844.87,84844.86,84844.87,0.88199,2026-10-03 14:51:59.999000+00:00,74832.32256180,179,0.44904000,38098.74042480,0
2026-10-03 14:52:00+00:00,84844.86,84844.87,84844.86,84844.87,1.05766,2026-10-03 14:52:59.999000+00:00,89737.01851810,189,0.38905000,33008.89667350,0
2026-10-03 14:53:00+00:00,84844.86,84844.87,84844.86,84844.87,1.22953,2026-10-03 14:53:59.999000+00:00,104319.31237730,161,1.16615000,98941.84515050,0
2026-10-03 14:54:00+00:00,84844.87,84844.88,84840.77,84840.77,9.17881,2026-10-03 14:54:59.999000+00:00,778769.18920250,586,4.79965000,407225.56627770,0
2026-10-03 14:55:00+00:00,84840.77,84840.78,84840.77,84840.78,1.76952,2026-10-03 14:55:59.999000+00:00,150127.45244570,238,1.31153000,111271.22819340,0
2026-10-03 14:56:00+00:00,84840.77,84840.78,84840.77,84840.78,1.30017,2026-10-03 14:56:59.999000+00:00,110307.43582060,195,1.18897000,100873.14219660,0
2026-10-03 14:57:00+00:00,84840.78,84842.01,84840.77,84841.01,6.2126,2026-10-03 14:57:59.999000+00:00,527085.64622110,491,3.72689000,316193.74078130,0
2026-10-03 14:58:00+00:00,84841.0,84841.01,84841.0,84841.01,1.48013,2026-10-03 14:58:59.999000+00:00,125575.72170820,201,1.23782000,105017.89899820,0
2026-10-03 14:59:00+00:00,84841.0,84857.99,84841.0,84856.01,12.00461,2026-10-03 14:59:59.999000+00:00,1018537.28108750,1083,10.69314000,907262.44213990,0
2026-10-03 15:00:00+00:00,84856.01,84856.02,84806.01,84806.01,14.77638,2026-10-03 15:00:59.999000+00:00,1253688.95931090,1440,4.23395000,359251.67869670,0
2026-10-03 15:01:00+00:00,84806.0,84806.01,84780.0,84780.01,2.94046,2026-10-03 15:01:59.999000+00:00,249335.54013940,984,0.41078000,34830.48897090,0
2026-10-03 15:02:00+00:00,84780.01,84799.9,84780.0,84799.89,7.33468,2026-10-03 15:02:59.999000+00:00,621902.76857670,442,5.60314000,475080.75916380,0
2026-10-03 15:03:00+00:00,84799.9,84799.9,84799.89,84799.89,0.49717,2026-10-03 15:03:59.999000+00:00,42159.96478100,127,0.34697000,29423.02130300,0
2026-10-03 15:04:00+00:00,84799.89,84799.9,84799.89,84799.89,4.22779,2026-10-03 15:04:59.999000+00:00,358516.16787560,249,4.09325000,347107.19067500,0
2026-10-03 15:05:00+00:00,84799.9,84803.04,84799.89,84803.03,5.85425,2026-10-03 15:05:59.999000+00:00,496447.10987090,309,4.58278000,388623.35565140,0
2026-10-03 15:06:00+00:00,84803.04,84803.04,84803.03,84803.04,8.20455,2026-10-03 15:06:59.999000+00:00,695770.73871810,362,3.89316000,330151.80320640,0
2026-10-03 15:07:00+00:00,84803.03,84803.04,84800.73,84800.74,3.69961,2026-10-03 15:07:59.999000+00:00,313736.75521310,547,1.35717000,115091.78497220,0
2026-10-03 15:08:00+00:00,84800.74,84825.47,84800.73,84824.11,6.96633,2026-10-03 15:08:59.999000+00:00,590836.19255280,703,5.94899000,504540.67187910,0
2026-10-03 15:09:00+00:00,84824.11,84824.11,84821.99,84821.99,1.78544,2026-10-03 15:09:59.999000+00:00,151446.46413690,398,0.20381000,17287.86229810,0
2026-10-03 15:10:00+00:00,84821.99,84838.86,84821.99,84838.86,6.95249,2026-10-03 15:10:59.999000+00:00,589764.94100210,603,6.66720000,565562.24699300,0
2026-10-03 15:11:00+00:00,84838.85,84838.86,84838.85,84838.86,1.02013,2026-10-03 15:11:59.999000+00:00,86546.66278960,123,0.67391000,57173.75614260,0
2026-10-03 15:12:00+00:00,84838.86,84849.38,84838.85,84849.38,2.10468,2026-10-03 15:12:59.999000+00:00,178569.50796360,376,1.92661000,163461.43464650,0
2026-10-03 15:13:00+00:00,84849.37,84849.37,84844.01,84846.0,3.492,2026-10-03 15:13:59.999000+00:00,296289.99227060,375,0.89760000,76157.76960000,0
2026-10-03 15:14:00+00:00,84846.0,84873.11,84843.27,84873.1,10.58336,2026-10-03 15:14:59.999000+00:00,897949.89800750,640,9.58761000,813461.26003090,0
2026-10-03 15:15:00+00:00,84873.1,84879.05,84838.0,84838.01,7.94692,2026-10-03 15:15:59.999000+00:00,674443.92768960,1128,3.88943000,330116.68323580,0
2026-10-03 15:16:00+00:00,84838.01,84846.01,84838.0,84846.0,7.26247,2026-10-03 15:16:59.999000+00:00,616139.71742090,461,6.99652000,593576.46818010,0
2026-10-03 15:17:00+00:00,84846.0,84848.48,84846.0,84848.48,4.44357,2026-10-03 15:17:59.999000+00:00,377019.95103380,215,4.37620000,371303.77123640,0
2026-10-03 15:18:00+00:00,84848.47,84848.48,84838.65,84846.96,9.00339,2026-10-03 15:18:59.999000+00:00,763860.93441920,797,7.09553000,601986.35749250,0
2026-10-03 15:19:00+00:00,84846.96,84858.26,84842.0,84842.01,7.00231,2026-10-03 15:19:59.999000+00:00,594153.47317030,869,4.51109000,382766.54192980,0
2026-10-03 15:20:00+00:00,84842.01,84864.0,84842.0,84846.01,6.57572,2026-10-03 15:20:59.999000+00:00,557950.44178640,866,4.13019000,350435.86944210,0
2026-10-03 15:21:00+00:00,84846.02,84858.01,84846.01,84858.01,2.65983,2026-10-03 15:21:59.999000+00:00,225684.56602350,300,2.49076000,211338.14696730,0
2026-10-03 15:22:00+00:00,84858.0,84858.01,84858.0,84858.0,1.07075,2026-10-03 15:22:59.999000+00:00,90861.70850060,191,0.50006000,42434.09648060,0
2026-10-03 15:23:00+00:00,84858.0,84858.01,84858.0,84858.01,1.82389,2026-10-03 15:23:59.999000+00:00,154771.66408800,260,0.64680000,54886.16086800,0
2026-10-03 15:24:00+00:00,84858.01,84858.01,84841.55,84841.56,4.8619,2026-10-03 15:24:59.999000+00:00,412529.51563660,458,0.17313000,14691.20562510,0
2026-10-03 15:25:00+00:00,84841.56,84844.28,84841.55,84844.28,1.87454,2026-10-03 15:25:59.999000+00:00,159039.34045910,357,1.60684000,136327.07620890,0
2026-10-03 15:26:00+00:00,84844.28,84847.54,84844.27,84847.54,2.48074,2026-10-03 15:26:59.999000+00:00,210478.36595370,326,2.40164000,203767.01392690,0
2026-10-03 15:27:00+00:00,84847.54,84847.54,84847.53,84847.54,2.23377,2026-10-03 15:27:59.999000+00:00,189529.88737990,261,2.02918000,172170.93121720,0
2026-10-03 15:28:00+00:00,84847.53,84847.54,84847.53,84847.54,1.91187,2026-10-03 15:28:59.999000+00:00,162217.46373750,164,1.65564000,140476.98112560,0
2026-10-03 15:29:00+00:00,84847.54,84847.54,84838.66,84838.66,5.86402,2026-10-03 15:29:59.999000+00:00,497542.04896060,440,0.19903000,16887.19027500,0
2026-10-03 15:30:00+00:00,84838.66,84838.67,84818.0,84818.0,4.83204,2026-10-03 15:30:59.999000+00:00,409902.05878270,950,0.46407000,39362.92912290,0
2026-10-03 15:31:00+00:00,84818.0,84818.01,84761.24,84766.6,21.6494,2026-10-03 15:31:59.999000+00:00,1835571.37538570,2721,5.86645000,497326.15217190,0
2026-10-03 15:32:00+00:00,84766.6,84800.01,84766.59,84794.0,21.66085,2026-10-03 15:32:59.999000+00:00,1836530.78119710,3462,7.52214000,637715.40323100,0
2026-10-03 15:33:00+00:00,84794.0,84796.43,84779.3,84792.63,32.15077,2026-10-03 15:33:59.999000+00:00,2726021.91367300,3659,16.23978000,1376926.96268900,0
2026-10-03 15:34:00+00:00,84792.62,84810.0,84774.68,84809.99,25.20813,2026-10-03 15:34:59.999000+00:00,2137260.27830440,2016,13.58509000,1151782.16842890,0
2026-10-03 15:35:00+00:00,84809.99,84810.0,84781.68,84794.74,7.63299,2026-10-03 15:35:59.999000+00:00,647219.91619290,934,4.57518000,387915.12729620,0
2026-10-03 15:36:00+00:00,84794.74,84797.07,84794.73,84797.07,1.92589,2026-10-03 15:36:59.999000+00:00,163306.82390610,278,1.89992000,161104.66175620,0
2026-10-03 15:37:00+00:00,84797.07,84797.07,84797.06,84797.07,0.72766,2026-10-03 15:37:59.999000+00:00,61703.43549310,191,0.68135000,57776.48364450,0
2026-10-03 15:38:00+00:00,84797.06,84820.01,84797.06,84820.01,6.69022,2026-10-03 15:38:59.999000+00:00,567388.03115310,567,6.46622000,548389.35175270,0
2026-10-03 15:39:00+00:00,84820.01,84820.27,84820.0,84820.27,2.03112,2026-10-03 15:39:59.999000+00:00,172279.88712430,201,1.71044000,145079.77117690,0
2026-10-03 15:40:00+00:00,84820.26,84820.27,84820.26,84820.27,0.8859,2026-10-03 15:40:59.999000+00:00,75142.27137700,130,0.30430000,25810.80816100,0
2026-10-03 15:41:00+00:00,84820.27,84822.01,84820.26,84822.01,2.8691,2026-10-03 15:41:59.999000+00:00,243358.83614030,248,2.33410000,197979.82847120,0
2026-10-03 15:42:00+00:00,84822.0,84822.01,84822.0,84822.01,0.74045,2026-10-03 15:42:59.999000+00:00,62806.45304910,152,0.31491000,26711.29916910,0
2026-10-03 15:43:00+00:00,84822.01,84838.28,84822.0,84838.27,4.20923,2026-10-03 15:43:59.999000+00:00,357064.88792120,694,4.05518000,343996.18315100,0
2026-10-03 15:44:00+00:00,84838.28,84854.01,84820.24,84820.25,52.69432,2026-10-03 15:44:59.999000+00:00,4470444.04798610,1076,10.83570000,919184.34878850,0
2026-10-03 15:45:00+00:00,84820.25,84834.01,84820.24,84834.01,1.7688,2026-10-03 15:45:59.999000+00:00,150041.40192090,306,1.26275000,107115.11070730,0
2026-10-03 15:46:00+00:00,84834.01,84840.72,84834.0,84840.72,3.93299,2026-10-03 15:46:59.999000+00:00,333655.78384240,252,1.52797000,129626.37535550,0
2026-10-03 15:47:00+00:00,84840.72,84845.3,84840.71,84845.3,3.36009,2026-10-03 15:47:59.999000+00:00,285074.53325190,228,2.90802000,246720.57905520,0
2026-10-03 15:48:00+00:00,84845.3,84845.3,84845.29,84845.29,0.62983,2026-10-03 15:48:59.999000+00:00,53438.11430840,185,0.53077000,45033.33988100,0
2026-10-03 15:49:00+00:00,84845.3,84854.01,84845.29,84854.0,1.44824,2026-10-03 15:49:59.999000+00:00,122882.95158850,273,1.13896000,96639.32484660,0
2026-10-03 15:50:00+00:00,84854.01,84854.01,84854.0,84854.01,0.42957,2026-10-03 15:50:59.999000+00:00,36450.73679870,194,0.40187000,34100.28099870,0
2026-10-03 15:51:00+00:00,84854.01,84860.01,84854.0,84860.0,1.47595,2026-10-03 15:51:59.999000+00:00,125244.04972390,313,1.23973000,105199.36857870,0
2026-10-03 15:52:00+00:00,84860.0,84860.01,84860.0,84860.0,2.57372,2026-10-03 15:52:59.999000+00:00,218405.90391540,204,2.47154000,209734.90911540,0
2026-10-03 15:53:00+00:00,84860.01,84860.01,84860.0,84860.01,0.64354,2026-10-03 15:53:59.999000+00:00,54610.80958740,102,0.51874000,44020.28158740,0
2026-10-03 15:54:00+00:00,84860.01,84860.01,84860.0,84860.01,2.16867,2026-10-03 15:54:59.999000+00:00,184033.33892360,199,0.27236000,23112.47232360,0
2026-10-03 15:55:00+00:00,84860.0,84860.01,84860.0,84860.01,4.72568,2026-10-03 15:55:59.999000+00:00,401021.25114700,166,4.63470000,393300.68834700,0
2026-10-03 15:56:00+00:00,84860.0,84860.01,84860.0,84860.0,0.69467,2026-10-03 15:56:59.999000+00:00,58949.70249200,163,0.62920000,53393.91829200,0
2026-10-03 15:57:00+00:00,84860.01,84860.53,84860.0,84860.52,2.93143,2026-10-03 15:57:59.999000+00:00,248761.29587220,262,2.28947000,194284.53158420,0
2026-10-03 15:58:00+00:00,84860.52,84860.53,84860.52,84860.52,1.50486,2026-10-03 15:58:59.999000+00:00,127703.20770280,195,0.55756000,47314.83710680,0
2026-10-03 15:59:00+00:00,84860.53,84867.28,84860.52,84867.28,4.54989,2026-10-03 15:59:59.999000+00:00,386126.32710870,299,2.94344000,249797.80321100,0
